INFO 2026-03-21 11:38:36,189 autoreload 17740 10912 Watching for file changes with StatReloader
ERROR 2026-03-21 11:38:39,453 views 17740 14352 Error in HomeView: no such column: Base_App_feedback.is_approved
INFO 2026-03-21 11:38:39,487 basehttp 17740 14352 "GET / HTTP/1.1" 200 17520
ERROR 2026-03-21 11:38:50,066 views 17740 14352 Error in AboutView: no such column: Base_App_aboutus.phone
INFO 2026-03-21 11:38:50,071 basehttp 17740 14352 "GET /about/ HTTP/1.1" 200 7134
ERROR 2026-03-21 11:38:55,244 views 17740 14352 Error in MenuView: no such column: Base_App_items.is_available
INFO 2026-03-21 11:38:55,248 basehttp 17740 14352 "GET /menu/ HTTP/1.1" 200 7908
INFO 2026-03-21 11:48:49,475 autoreload 2560 20808 Watching for file changes with StatReloader
ERROR 2026-03-21 11:48:53,835 views 2560 36336 Error in HomeView: no such column: Base_App_feedback.is_approved
INFO 2026-03-21 11:48:53,856 basehttp 2560 36336 "GET / HTTP/1.1" 200 17520
ERROR 2026-03-21 11:49:00,761 views 2560 36336 Error in MenuView: no such column: Base_App_items.is_available
INFO 2026-03-21 11:49:00,766 basehttp 2560 36336 "GET /menu/ HTTP/1.1" 200 7908
ERROR 2026-03-21 11:49:02,610 views 2560 36336 Error in MenuView: no such column: Base_App_items.is_available
INFO 2026-03-21 11:49:02,614 basehttp 2560 36336 "GET /menu/ HTTP/1.1" 200 7908
ERROR 2026-03-21 11:49:04,504 views 2560 36336 Error in MenuView: no such column: Base_App_items.is_available
INFO 2026-03-21 11:49:04,509 basehttp 2560 36336 "GET /menu/ HTTP/1.1" 200 7908
ERROR 2026-03-21 11:49:08,290 views 2560 36336 Error in AboutView: no such column: Base_App_aboutus.phone
INFO 2026-03-21 11:49:08,293 basehttp 2560 36336 "GET /about/ HTTP/1.1" 200 7134
INFO 2026-03-21 11:49:11,848 basehttp 2560 36336 "GET /book-table/ HTTP/1.1" 200 9808
INFO 2026-03-21 11:50:45,647 autoreload 24172 47940 Watching for file changes with StatReloader
INFO 2026-03-21 11:58:54,289 autoreload 33396 44868 Watching for file changes with StatReloader
INFO 2026-03-21 11:58:57,581 basehttp 33396 48480 "GET / HTTP/1.1" 200 17520
INFO 2026-03-21 11:59:03,828 basehttp 33396 48480 "GET /menu/ HTTP/1.1" 200 22433
WARNING 2026-03-21 11:59:04,098 log 33396 48480 Not Found: /media/
WARNING 2026-03-21 11:59:04,099 basehttp 33396 48480 "GET /media/ HTTP/1.1" 404 3802
ERROR 2026-03-21 11:59:25,516 views 33396 48480 Error in AboutView: 'AboutUs' object is not iterable
INFO 2026-03-21 11:59:25,520 basehttp 33396 48480 "GET /about/ HTTP/1.1" 200 7134
INFO 2026-03-21 11:59:28,481 basehttp 33396 48480 "GET /book-table/ HTTP/1.1" 200 9342
WARNING 2026-03-21 11:59:41,422 views 33396 48480 BookTable form validation failed: <ul class="errorlist"><li>name<ul class="errorlist"><li>This field is required.</li></ul></li><li>email<ul class="errorlist"><li>This field is required.</li></ul></li><li>total_persons<ul class="errorlist"><li>This field is required.</li></ul></li><li>booking_date<ul class="errorlist"><li>This field is required.</li></ul></li><li>booking_time<ul class="errorlist"><li>This field is required.</li></ul></li></ul>
INFO 2026-03-21 11:59:41,425 basehttp 33396 48480 "POST /book-table/ HTTP/1.1" 200 9642
INFO 2026-03-21 12:02:39,707 autoreload 13664 14264 Watching for file changes with StatReloader
INFO 2026-03-21 12:02:42,585 basehttp 13664 28936 "GET / HTTP/1.1" 200 17520
INFO 2026-03-21 12:02:45,697 basehttp 13664 28936 "GET /menu/ HTTP/1.1" 200 22433
WARNING 2026-03-21 12:02:45,730 log 13664 28936 Not Found: /media/
WARNING 2026-03-21 12:02:45,731 basehttp 13664 28936 "GET /media/ HTTP/1.1" 404 3802
WARNING 2026-03-21 12:02:45,756 log 13664 28936 Not Found: /media/
WARNING 2026-03-21 12:02:45,757 basehttp 13664 28936 "GET /media/ HTTP/1.1" 404 3802
INFO 2026-03-21 13:19:33,018 autoreload 44372 22608 Watching for file changes with StatReloader
INFO 2026-03-21 13:19:37,458 basehttp 44372 21440 "GET / HTTP/1.1" 200 17520
INFO 2026-03-21 13:19:44,442 basehttp 44372 21440 "GET /menu/ HTTP/1.1" 200 22433
WARNING 2026-03-21 13:19:44,493 log 44372 21440 Not Found: /media/
WARNING 2026-03-21 13:19:44,495 basehttp 44372 21440 "GET /media/ HTTP/1.1" 404 3802
WARNING 2026-03-21 13:19:44,515 log 44372 21440 Not Found: /media/
WARNING 2026-03-21 13:19:44,517 basehttp 44372 21440 "GET /media/ HTTP/1.1" 404 3802
INFO 2026-03-21 13:19:53,674 basehttp 44372 21440 "GET /book-table/ HTTP/1.1" 200 9194
INFO 2026-03-21 13:19:56,752 basehttp 44372 21440 "GET /feedback/ HTTP/1.1" 200 8361
INFO 2026-03-21 13:20:00,542 basehttp 44372 21440 "GET /menu/ HTTP/1.1" 200 22433
WARNING 2026-03-21 13:20:00,578 log 44372 21440 Not Found: /media/
WARNING 2026-03-21 13:20:00,578 basehttp 44372 21440 "GET /media/ HTTP/1.1" 404 3802
WARNING 2026-03-21 13:20:00,623 log 44372 21440 Not Found: /media/
WARNING 2026-03-21 13:20:00,623 basehttp 44372 21440 "GET /media/ HTTP/1.1" 404 3802
INFO 2026-03-21 13:24:49,696 autoreload 23252 17500 Watching for file changes with StatReloader
INFO 2026-03-21 13:24:52,794 basehttp 23252 34280 "GET / HTTP/1.1" 200 17520
INFO 2026-03-21 13:24:59,698 basehttp 23252 34280 "GET /menu/ HTTP/1.1" 200 23249
WARNING 2026-03-21 13:24:59,744 log 23252 34280 Not Found: /media/
WARNING 2026-03-21 13:24:59,746 basehttp 23252 34280 "GET /media/ HTTP/1.1" 404 3802
WARNING 2026-03-21 13:24:59,786 log 23252 34280 Not Found: /media/
WARNING 2026-03-21 13:24:59,801 basehttp 23252 34280 "GET /media/ HTTP/1.1" 404 3802
INFO 2026-03-21 13:27:27,356 autoreload 44208 36720 Watching for file changes with StatReloader
INFO 2026-03-21 13:27:30,567 basehttp 44208 20140 "GET / HTTP/1.1" 200 17520
INFO 2026-03-21 13:27:35,948 basehttp 44208 20140 "GET /menu/ HTTP/1.1" 200 24755
WARNING 2026-03-21 13:27:36,003 log 44208 15700 Not Found: /media/items/pizza_pepperoni.jpg
WARNING 2026-03-21 13:27:36,007 log 44208 20140 Not Found: /media/items/pizza_margherita.jpg
WARNING 2026-03-21 13:27:36,008 basehttp 44208 15700 "GET /media/items/pizza_pepperoni.jpg HTTP/1.1" 404 3976
WARNING 2026-03-21 13:27:36,009 basehttp 44208 20140 "GET /media/items/pizza_margherita.jpg HTTP/1.1" 404 3980
WARNING 2026-03-21 13:27:36,082 log 44208 15700 Not Found: /media/pizza-8319463.jpg
WARNING 2026-03-21 13:27:36,085 log 44208 20140 Not Found: /media/items/pizza_veggie.jpg
WARNING 2026-03-21 13:27:36,086 basehttp 44208 15700 "GET /media/pizza-8319463.jpg HTTP/1.1" 404 3944
WARNING 2026-03-21 13:27:36,086 basehttp 44208 20140 "GET /media/items/pizza_veggie.jpg HTTP/1.1" 404 3964
WARNING 2026-03-21 13:27:36,090 log 44208 5416 Not Found: /media/items/burger_big.jpg
WARNING 2026-03-21 13:27:36,091 log 44208 47748 Not Found: /media/items/burger_delicious.jpg
WARNING 2026-03-21 13:27:36,103 log 44208 13412 Not Found: /media/items/burger_tasty.jpg
WARNING 2026-03-21 13:27:36,106 basehttp 44208 5416 "GET /media/items/burger_big.jpg HTTP/1.1" 404 3956
WARNING 2026-03-21 13:27:36,107 basehttp 44208 47748 "GET /media/items/burger_delicious.jpg HTTP/1.1" 404 3980
WARNING 2026-03-21 13:27:36,110 basehttp 44208 13412 "GET /media/items/burger_tasty.jpg HTTP/1.1" 404 3964
WARNING 2026-03-21 13:27:36,114 log 44208 19772 Not Found: /media/items/burger_spicy.jpg
WARNING 2026-03-21 13:27:36,126 basehttp 44208 19772 "GET /media/items/burger_spicy.jpg HTTP/1.1" 404 3964
WARNING 2026-03-21 13:27:36,152 log 44208 20140 Not Found: /media/items/pasta_arrabbiata.jpg
WARNING 2026-03-21 13:27:36,155 log 44208 15700 Not Found: /media/items/pasta_alfredo.jpg
WARNING 2026-03-21 13:27:36,159 basehttp 44208 20140 "GET /media/items/pasta_arrabbiata.jpg HTTP/1.1" 404 3980
WARNING 2026-03-21 13:27:36,160 basehttp 44208 15700 "GET /media/items/pasta_alfredo.jpg HTTP/1.1" 404 3968
WARNING 2026-03-21 13:27:36,163 log 44208 13412 Not Found: /media/items/fries_classic.jpg
WARNING 2026-03-21 13:27:36,166 log 44208 5416 Not Found: /media/items/pasta_carbonara.jpg
WARNING 2026-03-21 13:27:36,168 log 44208 47748 Not Found: /media/items/fries_cheese.jpg
WARNING 2026-03-21 13:27:36,176 log 44208 19772 Not Found: /media/items/fries_spicy.jpg
WARNING 2026-03-21 13:27:36,177 basehttp 44208 5416 "GET /media/items/pasta_carbonara.jpg HTTP/1.1" 404 3976
WARNING 2026-03-21 13:27:36,177 basehttp 44208 13412 "GET /media/items/fries_classic.jpg HTTP/1.1" 404 3968
WARNING 2026-03-21 13:27:36,179 basehttp 44208 47748 "GET /media/items/fries_cheese.jpg HTTP/1.1" 404 3964
WARNING 2026-03-21 13:27:36,183 basehttp 44208 19772 "GET /media/items/fries_spicy.jpg HTTP/1.1" 404 3960
WARNING 2026-03-21 13:27:36,203 log 44208 20140 Not Found: /media/items/sandwich_cheesy.jpg
WARNING 2026-03-21 13:27:36,217 log 44208 15700 Not Found: /media/items/sandwich_chicken.jpg
WARNING 2026-03-21 13:27:36,218 basehttp 44208 20140 "GET /media/items/sandwich_cheesy.jpg HTTP/1.1" 404 3976
WARNING 2026-03-21 13:27:36,219 basehttp 44208 15700 "GET /media/items/sandwich_chicken.jpg HTTP/1.1" 404 3980
WARNING 2026-03-21 13:27:36,223 log 44208 5416 Not Found: /media/items/sandwich_paneer.jpg
WARNING 2026-03-21 13:27:36,226 log 44208 13412 Not Found: /media/items/sandwich_veggie.jpg
WARNING 2026-03-21 13:27:36,227 basehttp 44208 5416 "GET /media/items/sandwich_paneer.jpg HTTP/1.1" 404 3976
WARNING 2026-03-21 13:27:36,227 basehttp 44208 13412 "GET /media/items/sandwich_veggie.jpg HTTP/1.1" 404 3976
INFO 2026-03-21 13:33:59,237 autoreload 39208 18132 Watching for file changes with StatReloader
INFO 2026-03-21 13:34:02,644 basehttp 39208 17104 "GET / HTTP/1.1" 200 17520
INFO 2026-03-21 13:34:06,076 basehttp 39208 17104 "GET /menu/ HTTP/1.1" 200 24653
WARNING 2026-03-21 13:34:06,139 log 39208 17104 Not Found: /media/pizza_margherita.jpg
WARNING 2026-03-21 13:34:06,142 log 39208 17800 Not Found: /media/pizza_pepperoni.jpg
WARNING 2026-03-21 13:34:06,144 basehttp 39208 17104 "GET /media/pizza_margherita.jpg HTTP/1.1" 404 3956
WARNING 2026-03-21 13:34:06,145 basehttp 39208 17800 "GET /media/pizza_pepperoni.jpg HTTP/1.1" 404 3952
WARNING 2026-03-21 13:34:06,221 log 39208 17104 Not Found: /media/burger_tasty.jpg
WARNING 2026-03-21 13:34:06,229 basehttp 39208 17104 "GET /media/burger_tasty.jpg HTTP/1.1" 404 3940
WARNING 2026-03-21 13:34:06,235 log 39208 17800 Not Found: /media/burger_spicy.jpg
WARNING 2026-03-21 13:34:06,238 log 39208 27688 Not Found: /media/burger_delicious.jpg
WARNING 2026-03-21 13:34:06,242 log 39208 43808 Not Found: /media/burger_big.jpg
WARNING 2026-03-21 13:34:06,245 log 39208 49448 Not Found: /media/pizza-8319463.jpg
WARNING 2026-03-21 13:34:06,248 log 39208 1432 Not Found: /media/pizza_veggie.jpg
WARNING 2026-03-21 13:34:06,250 basehttp 39208 43808 "GET /media/burger_big.jpg HTTP/1.1" 404 3932
WARNING 2026-03-21 13:34:06,250 basehttp 39208 17800 "GET /media/burger_spicy.jpg HTTP/1.1" 404 3940
WARNING 2026-03-21 13:34:06,258 basehttp 39208 27688 "GET /media/burger_delicious.jpg HTTP/1.1" 404 3956
WARNING 2026-03-21 13:34:06,260 basehttp 39208 1432 "GET /media/pizza_veggie.jpg HTTP/1.1" 404 3940
WARNING 2026-03-21 13:34:06,269 basehttp 39208 49448 "GET /media/pizza-8319463.jpg HTTP/1.1" 404 3944
WARNING 2026-03-21 13:34:06,293 log 39208 17104 Not Found: /media/pasta_alfredo.jpg
WARNING 2026-03-21 13:34:06,301 basehttp 39208 17104 "GET /media/pasta_alfredo.jpg HTTP/1.1" 404 3944
WARNING 2026-03-21 13:34:06,327 log 39208 17800 Not Found: /media/pasta_carbonara.jpg
WARNING 2026-03-21 13:34:06,331 log 39208 27688 Not Found: /media/fries_cheese.jpg
WARNING 2026-03-21 13:34:06,333 log 39208 43808 Not Found: /media/pasta_arrabbiata.jpg
WARNING 2026-03-21 13:34:06,334 basehttp 39208 27688 "GET /media/fries_cheese.jpg HTTP/1.1" 404 3940
WARNING 2026-03-21 13:34:06,334 basehttp 39208 17800 "GET /media/pasta_carbonara.jpg HTTP/1.1" 404 3952
WARNING 2026-03-21 13:34:06,337 log 39208 49448 Not Found: /media/fries_spicy.jpg
WARNING 2026-03-21 13:34:06,343 basehttp 39208 43808 "GET /media/pasta_arrabbiata.jpg HTTP/1.1" 404 3956
WARNING 2026-03-21 13:34:06,348 log 39208 1432 Not Found: /media/fries_classic.jpg
WARNING 2026-03-21 13:34:06,350 basehttp 39208 49448 "GET /media/fries_spicy.jpg HTTP/1.1" 404 3936
WARNING 2026-03-21 13:34:06,353 basehttp 39208 1432 "GET /media/fries_classic.jpg HTTP/1.1" 404 3944
WARNING 2026-03-21 13:34:06,359 log 39208 17104 Not Found: /media/sandwich_cheesy.jpg
WARNING 2026-03-21 13:34:06,362 basehttp 39208 17104 "GET /media/sandwich_cheesy.jpg HTTP/1.1" 404 3952
WARNING 2026-03-21 13:34:06,378 log 39208 27688 Not Found: /media/sandwich_chicken.jpg
WARNING 2026-03-21 13:34:06,380 log 39208 43808 Not Found: /media/sandwich_paneer.jpg
WARNING 2026-03-21 13:34:06,381 log 39208 17800 Not Found: /media/sandwich_veggie.jpg
WARNING 2026-03-21 13:34:06,383 basehttp 39208 27688 "GET /media/sandwich_chicken.jpg HTTP/1.1" 404 3956
WARNING 2026-03-21 13:34:06,384 basehttp 39208 43808 "GET /media/sandwich_paneer.jpg HTTP/1.1" 404 3952
WARNING 2026-03-21 13:34:06,384 basehttp 39208 17800 "GET /media/sandwich_veggie.jpg HTTP/1.1" 404 3952
INFO 2026-03-21 13:37:15,309 autoreload 39420 29648 Watching for file changes with StatReloader
INFO 2026-03-21 13:37:20,653 basehttp 39420 8804 "GET / HTTP/1.1" 200 17520
INFO 2026-03-21 13:37:26,250 basehttp 39420 8804 "GET /menu/ HTTP/1.1" 200 25099
WARNING 2026-03-21 13:37:26,316 log 39420 20712 Not Found: /media/pepperoni-toast-with-cheese-served-win-bamboo-plate.jpg
WARNING 2026-03-21 13:37:26,317 log 39420 8804 Not Found: /media/delicious-vegan-pizza-social-post_3.jpg
WARNING 2026-03-21 13:37:26,319 basehttp 39420 8804 "GET /media/delicious-vegan-pizza-social-post_3.jpg HTTP/1.1" 404 4032
WARNING 2026-03-21 13:37:26,320 basehttp 39420 20712 "GET /media/pepperoni-toast-with-cheese-served-win-bamboo-plate.jpg HTTP/1.1" 404 4096
WARNING 2026-03-21 13:37:26,387 log 39420 20712 Not Found: /media/pexels-enginakyurt-1437267.jpg
WARNING 2026-03-21 13:37:26,389 log 39420 8804 Not Found: /media/side-view-sandwich-with-baked-potato-sauce.jpg
WARNING 2026-03-21 13:37:26,403 log 39420 32180 Not Found: /media/pizza-8319463.jpg
WARNING 2026-03-21 13:37:26,405 basehttp 39420 20712 "GET /media/pexels-enginakyurt-1437267.jpg HTTP/1.1" 404 3996
WARNING 2026-03-21 13:37:26,408 log 39420 22132 Not Found: /media/pexels-zandatsu-32293382.jpg
WARNING 2026-03-21 13:37:26,411 basehttp 39420 8804 "GET /media/side-view-sandwich-with-baked-potato-sauce.jpg HTTP/1.1" 404 4060
WARNING 2026-03-21 13:37:26,411 basehttp 39420 32180 "GET /media/pizza-8319463.jpg HTTP/1.1" 404 3944
WARNING 2026-03-21 13:37:26,423 log 39420 43596 Not Found: /media/pexels-holoshuriken-14704837.jpg
WARNING 2026-03-21 13:37:26,427 log 39420 20476 Not Found: /media/tasty-smoke-cooked-food_23-2151259677.jpg
WARNING 2026-03-21 13:37:26,431 basehttp 39420 22132 "GET /media/pexels-zandatsu-32293382.jpg HTTP/1.1" 404 3988
WARNING 2026-03-21 13:37:26,439 basehttp 39420 43596 "GET /media/pexels-holoshuriken-14704837.jpg HTTP/1.1" 404 4004
WARNING 2026-03-21 13:37:26,442 basehttp 39420 20476 "GET /media/tasty-smoke-cooked-food_23-2151259677.jpg HTTP/1.1" 404 4040
WARNING 2026-03-21 13:37:26,455 log 39420 20712 Not Found: /media/delicious-chicken-cheesy-grilled-cheese-sandwich_961875-54402.jpg
WARNING 2026-03-21 13:37:26,471 basehttp 39420 20712 "GET /media/delicious-chicken-cheesy-grilled-cheese-sandwich_961875-54402.jpg HTTP/1.1" 404 4136
WARNING 2026-03-21 13:37:26,474 log 39420 32180 Not Found: /media/close-up-street-food-neon-light.jpg
WARNING 2026-03-21 13:37:26,482 log 39420 8804 Not Found: /media/StockCake-Seasoning_French_Fries_1749889532.jpg
WARNING 2026-03-21 13:37:26,492 basehttp 39420 8804 "GET /media/StockCake-Seasoning_French_Fries_1749889532.jpg HTTP/1.1" 404 4064
WARNING 2026-03-21 13:37:26,492 basehttp 39420 32180 "GET /media/close-up-street-food-neon-light.jpg HTTP/1.1" 404 4016
WARNING 2026-03-21 13:37:26,498 log 39420 22132 Not Found: /media/delicious-fries-studio.jpg
WARNING 2026-03-21 13:37:26,503 log 39420 20476 Not Found: /media/front-view-tasty-ham-sandwiches-with-french-fries-dark-surface_1.jpg
WARNING 2026-03-21 13:37:26,505 basehttp 39420 22132 "GET /media/delicious-fries-studio.jpg HTTP/1.1" 404 3980
WARNING 2026-03-21 13:37:26,511 log 39420 43596 Not Found: /media/front-view-tasty-ham-sandwiches-with-french-fries-dark-surface.jpg
WARNING 2026-03-21 13:37:26,512 basehttp 39420 20476 "GET /media/front-view-tasty-ham-sandwiches-with-french-fries-dark-surface_1.jpg HTTP/1.1" 404 4148
WARNING 2026-03-21 13:37:26,513 basehttp 39420 43596 "GET /media/front-view-tasty-ham-sandwiches-with-french-fries-dark-surface.jpg HTTP/1.1" 404 4140
WARNING 2026-03-21 13:37:26,520 log 39420 20712 Not Found: /media/cheesy-grilled-cheese-sandwich-303883093.webp
WARNING 2026-03-21 13:37:26,521 basehttp 39420 20712 "GET /media/cheesy-grilled-cheese-sandwich-303883093.webp HTTP/1.1" 404 4056
WARNING 2026-03-21 13:37:26,523 log 39420 8804 Not Found: /media/side-view-club-sandwich-with-salted-cucumbers-lemon-olives-round-white-plate_1.jpg
WARNING 2026-03-21 13:37:26,525 basehttp 39420 8804 "GET /media/side-view-club-sandwich-with-salted-cucumbers-lemon-olives-round-white-plate_1.jpg HTTP/1.1" 404 4204
INFO 2026-03-21 13:41:44,923 autoreload 4044 48168 Watching for file changes with StatReloader
INFO 2026-03-21 13:41:49,060 basehttp 4044 41892 "GET / HTTP/1.1" 200 17520
INFO 2026-03-21 13:41:51,906 basehttp 4044 41892 "GET /menu/ HTTP/1.1" 200 25207
INFO 2026-03-21 13:41:52,482 basehttp 4044 20408 "GET /media/items/tasty-smoke-cooked-food_23-2151259677.jpg HTTP/1.1" 200 121917
INFO 2026-03-21 13:41:52,584 basehttp 4044 20408 "GET /media/items/pexels-enginakyurt-1437267.jpg HTTP/1.1" 200 2154643
INFO 2026-03-21 13:41:52,684 basehttp 4044 25132 "GET /media/items/pizza-8319463.jpg HTTP/1.1" 200 2918878
INFO 2026-03-21 13:41:52,693 basehttp 4044 25712 "GET /media/items/pexels-zandatsu-32293382.jpg HTTP/1.1" 200 3112238
INFO 2026-03-21 13:41:52,716 basehttp 4044 17068 "GET /media/items/pexels-holoshuriken-14704837.jpg HTTP/1.1" 200 4126089
INFO 2026-03-21 13:41:52,735 basehttp 4044 25712 "GET /media/items/StockCake-Seasoning_French_Fries_1749889532.jpg HTTP/1.1" 200 223251
INFO 2026-03-21 13:41:52,806 basehttp 4044 17068 "GET /media/items/cheesy-grilled-cheese-sandwich-303883093.webp HTTP/1.1" 200 216338
INFO 2026-03-21 13:41:52,849 basehttp 4044 17068 "GET /media/items/side-view-club-sandwich-with-salted-cucumbers-lemon-olives-round-white-plate_1.jpg HTTP/1.1" 200 838895
INFO 2026-03-21 13:41:52,934 basehttp 4044 9932 "GET /media/items/pepperoni-toast-with-cheese-served-win-bamboo-plate.jpg HTTP/1.1" 200 16290393
INFO 2026-03-21 13:41:52,935 basehttp 4044 41892 "GET /media/items/delicious-vegan-pizza-social-post_3.jpg HTTP/1.1" 200 15596587
INFO 2026-03-21 13:41:53,381 basehttp 4044 25712 "GET /media/items/front-view-tasty-ham-sandwiches-with-french-fries-dark-surface.jpg HTTP/1.1" 200 9083606
INFO 2026-03-21 13:42:03,724 basehttp 4044 25712 "GET / HTTP/1.1" 200 17520
INFO 2026-03-21 17:45:34,720 autoreload 36620 14292 Watching for file changes with StatReloader
INFO 2026-03-21 17:45:37,647 basehttp 36620 11696 "GET / HTTP/1.1" 200 17520
INFO 2026-03-21 17:45:41,070 basehttp 36620 11696 "GET /menu/ HTTP/1.1" 200 25207
INFO 2026-03-21 17:54:35,314 autoreload 17440 44616 Watching for file changes with StatReloader
INFO 2026-03-21 17:54:38,981 basehttp 17440 48472 "GET / HTTP/1.1" 200 17520
INFO 2026-03-21 17:54:42,453 basehttp 17440 48472 "GET /menu/ HTTP/1.1" 200 24887
INFO 2026-03-21 17:55:16,698 autoreload 25816 16068 Watching for file changes with StatReloader
INFO 2026-03-21 17:55:21,281 basehttp 25816 43376 "GET / HTTP/1.1" 200 17520
INFO 2026-03-21 17:55:24,531 basehttp 25816 43376 "GET /menu/ HTTP/1.1" 200 25821
INFO 2026-03-21 17:59:02,417 autoreload 25816 16068 C:\Users\venka\OneDrive\Pictures\Saved Pictures\11-06-25\restaurant\Resturant_Project\Base_App\views.py changed, reloading.
INFO 2026-03-21 17:59:03,959 autoreload 45852 36980 Watching for file changes with StatReloader
INFO 2026-03-21 17:59:08,608 autoreload 45852 36980 C:\Users\venka\OneDrive\Pictures\Saved Pictures\11-06-25\restaurant\Resturant_Project\Base_App\views.py changed, reloading.
INFO 2026-03-21 17:59:09,980 autoreload 26492 8124 Watching for file changes with StatReloader
INFO 2026-03-21 17:59:13,578 autoreload 26492 8124 C:\Users\venka\OneDrive\Pictures\Saved Pictures\11-06-25\restaurant\Resturant_Project\Base_App\views.py changed, reloading.
INFO 2026-03-21 17:59:14,972 autoreload 7940 36272 Watching for file changes with StatReloader
INFO 2026-03-21 17:59:18,611 autoreload 7940 36272 C:\Users\venka\OneDrive\Pictures\Saved Pictures\11-06-25\restaurant\Resturant_Project\Base_App\views.py changed, reloading.
INFO 2026-03-21 17:59:19,938 autoreload 25960 44520 Watching for file changes with StatReloader
INFO 2026-03-21 17:59:26,650 autoreload 25960 44520 C:\Users\venka\OneDrive\Pictures\Saved Pictures\11-06-25\restaurant\Resturant_Project\Base_App\views.py changed, reloading.
INFO 2026-03-21 17:59:27,967 autoreload 40696 40104 Watching for file changes with StatReloader
INFO 2026-03-21 17:59:31,603 autoreload 40696 40104 C:\Users\venka\OneDrive\Pictures\Saved Pictures\11-06-25\restaurant\Resturant_Project\Base_App\views.py changed, reloading.
INFO 2026-03-21 17:59:32,844 autoreload 37912 9808 Watching for file changes with StatReloader
INFO 2026-03-21 17:59:34,434 autoreload 37912 9808 C:\Users\venka\OneDrive\Pictures\Saved Pictures\11-06-25\restaurant\Resturant_Project\Base_App\views.py changed, reloading.
INFO 2026-03-21 17:59:35,800 autoreload 31684 11460 Watching for file changes with StatReloader
INFO 2026-03-21 17:59:38,335 autoreload 31684 11460 C:\Users\venka\OneDrive\Pictures\Saved Pictures\11-06-25\restaurant\Resturant_Project\Base_App\views.py changed, reloading.
INFO 2026-03-21 17:59:39,672 autoreload 41144 38336 Watching for file changes with StatReloader
INFO 2026-03-21 17:59:43,289 autoreload 41144 38336 C:\Users\venka\OneDrive\Pictures\Saved Pictures\11-06-25\restaurant\Resturant_Project\Base_App\views.py changed, reloading.
INFO 2026-03-21 17:59:44,604 autoreload 19232 32564 Watching for file changes with StatReloader
INFO 2026-03-21 17:59:51,874 autoreload 19232 32564 C:\Users\venka\OneDrive\Pictures\Saved Pictures\11-06-25\restaurant\Resturant_Project\Base_App\views.py changed, reloading.
INFO 2026-03-21 17:59:53,232 autoreload 47532 32372 Watching for file changes with StatReloader
INFO 2026-03-21 18:00:06,396 autoreload 47532 32372 C:\Users\venka\OneDrive\Pictures\Saved Pictures\11-06-25\restaurant\Resturant_Project\Base_App\views.py changed, reloading.
INFO 2026-03-21 18:00:07,743 autoreload 12508 1816 Watching for file changes with StatReloader
INFO 2026-03-21 18:00:18,726 autoreload 12508 1816 C:\Users\venka\OneDrive\Pictures\Saved Pictures\11-06-25\restaurant\Resturant_Project\Base_App\views.py changed, reloading.
INFO 2026-03-21 18:00:20,145 autoreload 43780 43028 Watching for file changes with StatReloader
INFO 2026-03-21 18:02:19,220 autoreload 43780 43028 C:\Users\venka\OneDrive\Pictures\Saved Pictures\11-06-25\restaurant\Resturant_Project\Base_App\views.py changed, reloading.
INFO 2026-03-21 18:02:20,555 autoreload 39420 48568 Watching for file changes with StatReloader
INFO 2026-03-21 18:02:28,093 autoreload 40924 20512 Watching for file changes with StatReloader
INFO 2026-03-21 18:02:30,598 basehttp 40924 36884 "GET / HTTP/1.1" 200 17520
INFO 2026-03-21 18:02:33,076 basehttp 40924 36884 "GET /menu/ HTTP/1.1" 200 26094
INFO 2026-03-21 18:02:46,335 basehttp 40924 36884 "GET / HTTP/1.1" 200 17520
INFO 2026-03-21 18:20:04,471 basehttp 40924 49040 "GET / HTTP/1.1" 200 17520
INFO 2026-03-21 18:20:06,886 basehttp 40924 49040 "GET / HTTP/1.1" 200 17520
INFO 2026-03-21 18:20:14,716 autoreload 22492 8912 Watching for file changes with StatReloader
INFO 2026-03-21 18:20:28,835 basehttp 22492 45216 "GET / HTTP/1.1" 200 17520
INFO 2026-03-21 18:24:59,420 basehttp 22492 45216 "GET / HTTP/1.1" 200 17520
INFO 2026-03-21 18:25:15,186 autoreload 14400 3616 Watching for file changes with StatReloader
INFO 2026-03-21 18:26:58,071 basehttp 14400 32180 "GET / HTTP/1.1" 200 17520
INFO 2026-03-21 18:27:36,611 basehttp 14400 32180 "GET / HTTP/1.1" 200 17520
INFO 2026-03-21 18:27:38,092 basehttp 14400 32180 "GET / HTTP/1.1" 200 17520
INFO 2026-03-21 18:27:38,496 basehttp 14400 32180 "GET / HTTP/1.1" 200 17520
INFO 2026-03-21 18:27:39,567 basehttp 14400 32180 "GET / HTTP/1.1" 200 17520
INFO 2026-03-21 18:30:57,594 autoreload 42420 26784 Watching for file changes with StatReloader
INFO 2026-03-21 18:31:01,824 basehttp 42420 29592 "GET / HTTP/1.1" 200 17499
INFO 2026-03-21 18:36:32,595 autoreload 39696 33048 Watching for file changes with StatReloader
INFO 2026-03-21 18:36:45,981 basehttp 39696 39052 "GET / HTTP/1.1" 200 17756
INFO 2026-03-21 18:43:39,362 basehttp 39696 50160 "GET /login/ HTTP/1.1" 200 4792
INFO 2026-03-21 18:46:25,165 basehttp 39696 50160 "GET /menu/ HTTP/1.1" 200 26330
ERROR 2026-03-21 18:46:30,985 views 39696 50160 Error in AboutView: 'AboutUs' object is not iterable
INFO 2026-03-21 18:46:30,991 basehttp 39696 50160 "GET /about/ HTTP/1.1" 200 7370
INFO 2026-03-21 18:46:34,979 basehttp 39696 50160 "GET /book-table/ HTTP/1.1" 200 9578
INFO 2026-03-21 18:46:39,109 basehttp 39696 50160 "GET / HTTP/1.1" 200 17756
INFO 2026-03-21 19:04:33,851 autoreload 42420 40816 Watching for file changes with StatReloader
INFO 2026-03-21 19:04:40,693 basehttp 42420 5316 "GET / HTTP/1.1" 200 17756
INFO 2026-03-21 19:05:16,339 basehttp 42420 5316 "GET /feedback/ HTTP/1.1" 200 14019
WARNING 2026-03-21 19:05:16,385 log 42420 5316 Not Found: /media/
WARNING 2026-03-21 19:05:16,386 basehttp 42420 5316 "GET /media/ HTTP/1.1" 404 3802
WARNING 2026-03-21 19:05:16,412 log 42420 5316 Not Found: /media/
WARNING 2026-03-21 19:05:16,415 basehttp 42420 5316 "GET /media/ HTTP/1.1" 404 3802
WARNING 2026-03-21 19:05:45,688 views 42420 5316 Feedback form validation failed: <ul class="errorlist"><li>email<ul class="errorlist"><li>This field is required.</li></ul></li></ul>
INFO 2026-03-21 19:05:45,698 basehttp 42420 5316 "POST /feedback/ HTTP/1.1" 200 14192
WARNING 2026-03-21 19:05:45,741 log 42420 5316 Not Found: /media/
WARNING 2026-03-21 19:05:45,742 basehttp 42420 5316 "GET /media/ HTTP/1.1" 404 3802
WARNING 2026-03-21 19:05:45,780 log 42420 5316 Not Found: /media/
WARNING 2026-03-21 19:05:45,781 basehttp 42420 5316 "GET /media/ HTTP/1.1" 404 3802
WARNING 2026-03-21 19:07:34,775 views 42420 5316 Feedback form validation failed: <ul class="errorlist"><li>email<ul class="errorlist"><li>This field is required.</li></ul></li><li>description<ul class="errorlist"><li>Feedback must be at least 10 characters long.</li></ul></li><li>image<ul class="errorlist"><li>Upload a valid image. The file you uploaded was either not an image or a corrupted image.</li></ul></li></ul>
INFO 2026-03-21 19:07:34,784 basehttp 42420 5316 "POST /feedback/ HTTP/1.1" 200 14440
WARNING 2026-03-21 19:07:34,818 log 42420 5316 Not Found: /media/
WARNING 2026-03-21 19:07:34,818 basehttp 42420 5316 "GET /media/ HTTP/1.1" 404 3802
WARNING 2026-03-21 19:07:34,857 log 42420 5316 Not Found: /media/
WARNING 2026-03-21 19:07:34,858 basehttp 42420 5316 "GET /media/ HTTP/1.1" 404 3802
INFO 2026-03-22 09:05:22,330 autoreload 19848 18808 Watching for file changes with StatReloader
INFO 2026-03-22 09:05:26,471 basehttp 19848 35632 "GET / HTTP/1.1" 200 17756
INFO 2026-03-22 09:05:30,938 basehttp 19848 35632 "GET /menu/ HTTP/1.1" 200 26330
INFO 2026-03-22 09:05:38,605 basehttp 19848 35632 "GET /menu/ HTTP/1.1" 200 26330
ERROR 2026-03-22 09:05:47,132 views 19848 35632 Error in AboutView: 'AboutUs' object is not iterable
INFO 2026-03-22 09:05:47,136 basehttp 19848 35632 "GET /about/ HTTP/1.1" 200 7370
INFO 2026-03-22 09:05:50,727 basehttp 19848 35632 "GET / HTTP/1.1" 200 17756
INFO 2026-03-22 09:06:34,105 autoreload 36028 30384 Watching for file changes with StatReloader
INFO 2026-03-22 09:06:38,438 basehttp 36028 26636 "GET / HTTP/1.1" 200 17756
INFO 2026-03-22 09:06:47,847 basehttp 36028 26636 "GET /menu/ HTTP/1.1" 200 26330
ERROR 2026-03-22 09:06:49,382 views 36028 26636 Error in AboutView: 'AboutUs' object is not iterable
INFO 2026-03-22 09:06:49,388 basehttp 36028 26636 "GET /about/ HTTP/1.1" 200 7370
INFO 2026-03-22 09:06:50,806 basehttp 36028 26636 "GET /book-table/ HTTP/1.1" 200 9644
INFO 2026-03-22 09:19:16,954 autoreload 36028 30384 C:\Users\venka\OneDrive\Pictures\Saved Pictures\11-06-25\restaurant\Resturant_Project\Base_App\models.py changed, reloading.
INFO 2026-03-22 09:19:18,295 autoreload 29832 9360 Watching for file changes with StatReloader
INFO 2026-03-22 09:25:37,216 autoreload 26804 23488 Watching for file changes with StatReloader
INFO 2026-03-22 09:25:41,668 basehttp 26804 36836 "GET / HTTP/1.1" 200 17756
INFO 2026-03-22 09:25:45,501 basehttp 26804 36836 "GET /menu/ HTTP/1.1" 200 27516
INFO 2026-03-22 09:25:48,608 views 26804 36836 Item Margherita Pizza added to cart
INFO 2026-03-22 09:25:48,622 basehttp 26804 36836 "POST /add-to-cart/1/ HTTP/1.1" 200 108
INFO 2026-03-22 09:25:56,851 views 26804 36836 Item Pepperoni Pizza added to cart
INFO 2026-03-22 09:25:56,857 basehttp 26804 36836 "POST /add-to-cart/2/ HTTP/1.1" 200 108
INFO 2026-03-22 09:26:59,228 basehttp 26804 36836 "GET /cart/ HTTP/1.1" 200 18296
INFO 2026-03-22 09:37:58,515 basehttp 26804 20828 "GET /menu/ HTTP/1.1" 200 28560
INFO 2026-03-22 09:38:00,635 basehttp 26804 20828 "GET /get-cart-count/ HTTP/1.1" 200 39
INFO 2026-03-22 09:38:05,030 basehttp 26804 20828 "GET /get-cart-count/ HTTP/1.1" 200 39
INFO 2026-03-22 09:38:10,557 basehttp 26804 20828 "GET /get-cart-count/ HTTP/1.1" 200 39
INFO 2026-03-22 09:38:15,551 basehttp 26804 20828 "GET /get-cart-count/ HTTP/1.1" 200 39
INFO 2026-03-22 09:38:20,560 basehttp 26804 20828 "GET /get-cart-count/ HTTP/1.1" 200 39
INFO 2026-03-22 09:38:25,551 basehttp 26804 20828 "GET /get-cart-count/ HTTP/1.1" 200 39
INFO 2026-03-22 09:38:30,552 basehttp 26804 20828 "GET /get-cart-count/ HTTP/1.1" 200 39
INFO 2026-03-22 09:38:35,544 basehttp 26804 20828 "GET /get-cart-count/ HTTP/1.1" 200 39
INFO 2026-03-22 09:38:40,545 basehttp 26804 20828 "GET /get-cart-count/ HTTP/1.1" 200 39
INFO 2026-03-22 09:38:45,554 basehttp 26804 20828 "GET /get-cart-count/ HTTP/1.1" 200 39
INFO 2026-03-22 09:38:50,546 basehttp 26804 20828 "GET /get-cart-count/ HTTP/1.1" 200 39
INFO 2026-03-22 09:38:55,550 basehttp 26804 20828 "GET /get-cart-count/ HTTP/1.1" 200 39
INFO 2026-03-22 09:39:00,555 basehttp 26804 20828 "GET /get-cart-count/ HTTP/1.1" 200 39
INFO 2026-03-22 09:39:05,551 basehttp 26804 20828 "GET /get-cart-count/ HTTP/1.1" 200 39
INFO 2026-03-22 09:39:37,565 basehttp 26804 20828 "GET /get-cart-count/ HTTP/1.1" 200 39
INFO 2026-03-22 09:39:53,903 basehttp 26804 20828 "GET /get-cart-count/ HTTP/1.1" 200 39
INFO 2026-03-22 09:39:54,990 basehttp 26804 20828 "GET /get-cart-count/ HTTP/1.1" 200 39
INFO 2026-03-22 09:39:55,259 basehttp 26804 20828 "GET /cart/ HTTP/1.1" 200 19340
INFO 2026-03-22 09:39:57,290 basehttp 26804 20828 "GET /get-cart-count/ HTTP/1.1" 200 39
INFO 2026-03-22 09:40:01,621 basehttp 26804 20828 "GET /get-cart-count/ HTTP/1.1" 200 39
INFO 2026-03-22 09:40:07,559 basehttp 26804 20828 "GET /get-cart-count/ HTTP/1.1" 200 39
INFO 2026-03-22 09:40:12,550 basehttp 26804 20828 "GET /get-cart-count/ HTTP/1.1" 200 39
INFO 2026-03-22 09:40:16,873 basehttp 26804 20828 "GET /get-cart-count/ HTTP/1.1" 200 39
INFO 2026-03-22 09:40:22,558 basehttp 26804 20828 "GET /get-cart-count/ HTTP/1.1" 200 39
INFO 2026-03-22 09:40:27,552 basehttp 26804 20828 "GET /get-cart-count/ HTTP/1.1" 200 39
INFO 2026-03-22 09:40:32,569 basehttp 26804 20828 "GET /get-cart-count/ HTTP/1.1" 200 39
INFO 2026-03-22 09:40:37,577 basehttp 26804 20828 "GET /get-cart-count/ HTTP/1.1" 200 39
INFO 2026-03-22 09:40:42,547 basehttp 26804 20828 "GET /get-cart-count/ HTTP/1.1" 200 39
INFO 2026-03-22 09:40:47,558 basehttp 26804 20828 "GET /get-cart-count/ HTTP/1.1" 200 39
INFO 2026-03-22 09:40:52,550 basehttp 26804 20828 "GET /get-cart-count/ HTTP/1.1" 200 39
INFO 2026-03-22 09:40:57,555 basehttp 26804 20828 "GET /get-cart-count/ HTTP/1.1" 200 39
INFO 2026-03-22 09:41:02,553 basehttp 26804 20828 "GET /get-cart-count/ HTTP/1.1" 200 39
INFO 2026-03-22 09:41:07,551 basehttp 26804 20828 "GET /get-cart-count/ HTTP/1.1" 200 39
INFO 2026-03-22 09:41:12,553 basehttp 26804 20828 "GET /get-cart-count/ HTTP/1.1" 200 39
INFO 2026-03-22 09:41:17,557 basehttp 26804 20828 "GET /get-cart-count/ HTTP/1.1" 200 39
INFO 2026-03-22 09:41:37,554 basehttp 26804 20828 "GET /get-cart-count/ HTTP/1.1" 200 39
INFO 2026-03-22 09:42:37,556 basehttp 26804 20828 "GET /get-cart-count/ HTTP/1.1" 200 39
INFO 2026-03-22 09:43:37,644 basehttp 26804 20828 "GET /get-cart-count/ HTTP/1.1" 200 39
INFO 2026-03-22 09:59:58,544 autoreload 26804 23488 C:\Users\venka\OneDrive\Pictures\Saved Pictures\11-06-25\restaurant\Resturant_Project\Base_App\models.py changed, reloading.
INFO 2026-03-22 10:00:00,198 autoreload 27880 36800 Watching for file changes with StatReloader
INFO 2026-03-22 10:08:21,107 autoreload 21780 36568 Watching for file changes with StatReloader
INFO 2026-03-22 10:08:25,124 basehttp 21780 32132 "GET / HTTP/1.1" 200 18800
INFO 2026-03-22 10:08:26,346 basehttp 21780 32132 "GET /get-cart-count/ HTTP/1.1" 200 39
INFO 2026-03-22 10:08:28,118 basehttp 21780 32132 "GET /menu/ HTTP/1.1" 200 28560
INFO 2026-03-22 10:08:30,258 basehttp 21780 32132 "GET /get-cart-count/ HTTP/1.1" 200 39
INFO 2026-03-22 10:08:31,633 views 21780 32132 Item Pepperoni Pizza added to cart
INFO 2026-03-22 10:08:31,643 basehttp 21780 32132 "POST /add-to-cart/2/ HTTP/1.1" 200 119
INFO 2026-03-22 10:08:36,728 basehttp 21780 32132 "GET /get-cart-count/ HTTP/1.1" 200 39
INFO 2026-03-22 10:08:38,423 basehttp 21780 32132 "GET /cart/ HTTP/1.1" 200 19377
INFO 2026-03-22 10:08:38,641 basehttp 21780 32132 "GET /get-cart-count/ HTTP/1.1" 200 39
INFO 2026-03-22 10:08:42,933 basehttp 21780 32132 "GET /checkout/ HTTP/1.1" 200 16764
INFO 2026-03-22 10:08:43,743 basehttp 21780 32132 "GET /get-cart-count/ HTTP/1.1" 200 39
INFO 2026-03-22 10:08:48,610 basehttp 21780 32132 "GET /get-cart-count/ HTTP/1.1" 200 39
INFO 2026-03-22 10:08:53,626 basehttp 21780 32132 "GET /get-cart-count/ HTTP/1.1" 200 39
INFO 2026-03-22 10:08:59,558 basehttp 21780 32132 "GET /get-cart-count/ HTTP/1.1" 200 39
INFO 2026-03-22 10:09:04,558 basehttp 21780 32132 "GET /get-cart-count/ HTTP/1.1" 200 39
INFO 2026-03-22 10:09:09,549 basehttp 21780 32132 "GET /get-cart-count/ HTTP/1.1" 200 39
INFO 2026-03-22 10:09:14,552 basehttp 21780 32132 "GET /get-cart-count/ HTTP/1.1" 200 39
INFO 2026-03-22 10:09:19,552 basehttp 21780 32132 "GET /get-cart-count/ HTTP/1.1" 200 39
INFO 2026-03-22 10:09:24,549 basehttp 21780 32132 "GET /get-cart-count/ HTTP/1.1" 200 39
INFO 2026-03-22 10:09:29,559 basehttp 21780 32132 "GET /get-cart-count/ HTTP/1.1" 200 39
INFO 2026-03-22 10:09:33,982 basehttp 21780 9076 "GET /get-cart-count/ HTTP/1.1" 200 39
INFO 2026-03-22 10:09:50,595 basehttp 21780 14756 "GET /get-cart-count/ HTTP/1.1" 200 39
INFO 2026-03-22 10:09:54,547 basehttp 21780 14756 "GET /get-cart-count/ HTTP/1.1" 200 39
INFO 2026-03-22 10:10:37,559 basehttp 21780 14756 "GET /get-cart-count/ HTTP/1.1" 200 39
INFO 2026-03-22 10:11:37,565 basehttp 21780 14756 "GET /get-cart-count/ HTTP/1.1" 200 39
INFO 2026-03-22 10:12:37,549 basehttp 21780 14756 "GET /get-cart-count/ HTTP/1.1" 200 39
INFO 2026-03-22 10:13:37,563 basehttp 21780 14756 "GET /get-cart-count/ HTTP/1.1" 200 39
INFO 2026-03-22 11:41:03,366 basehttp 21780 37400 "GET /get-cart-count/ HTTP/1.1" 200 39
INFO 2026-03-22 11:41:03,622 basehttp 21780 37400 "GET /get-cart-count/ HTTP/1.1" 200 39
INFO 2026-03-22 11:41:08,619 basehttp 21780 37400 "GET /get-cart-count/ HTTP/1.1" 200 39
INFO 2026-03-22 11:41:13,612 basehttp 21780 37400 "GET /get-cart-count/ HTTP/1.1" 200 39
INFO 2026-03-22 11:41:18,626 basehttp 21780 37400 "GET /get-cart-count/ HTTP/1.1" 200 39
INFO 2026-03-22 11:41:24,548 basehttp 21780 37400 "GET /get-cart-count/ HTTP/1.1" 200 39
INFO 2026-03-22 11:41:29,546 basehttp 21780 37400 "GET /get-cart-count/ HTTP/1.1" 200 39
INFO 2026-03-22 11:41:34,033 basehttp 21780 37400 "GET /get-cart-count/ HTTP/1.1" 200 39
INFO 2026-03-22 11:41:39,553 basehttp 21780 37400 "GET /get-cart-count/ HTTP/1.1" 200 39
INFO 2026-03-22 11:41:44,553 basehttp 21780 37400 "GET /get-cart-count/ HTTP/1.1" 200 39
INFO 2026-03-22 11:41:49,550 basehttp 21780 37400 "GET /get-cart-count/ HTTP/1.1" 200 39
INFO 2026-03-22 11:41:54,563 basehttp 21780 37400 "GET /get-cart-count/ HTTP/1.1" 200 39
INFO 2026-03-22 11:41:59,550 basehttp 21780 37400 "GET /get-cart-count/ HTTP/1.1" 200 39
INFO 2026-03-22 11:42:04,548 basehttp 21780 37400 "GET /get-cart-count/ HTTP/1.1" 200 39
INFO 2026-03-22 11:42:09,564 basehttp 21780 37400 "GET /get-cart-count/ HTTP/1.1" 200 39
INFO 2026-03-22 11:42:14,562 basehttp 21780 37400 "GET /get-cart-count/ HTTP/1.1" 200 39
INFO 2026-03-22 11:42:19,574 basehttp 21780 37400 "GET /get-cart-count/ HTTP/1.1" 200 39
INFO 2026-03-22 11:42:24,562 basehttp 21780 37400 "GET /get-cart-count/ HTTP/1.1" 200 39
INFO 2026-03-22 11:42:29,555 basehttp 21780 37400 "GET /get-cart-count/ HTTP/1.1" 200 39
INFO 2026-03-22 11:42:34,549 basehttp 21780 37400 "GET /get-cart-count/ HTTP/1.1" 200 39
INFO 2026-03-22 11:43:37,557 basehttp 21780 37400 "GET /get-cart-count/ HTTP/1.1" 200 39
INFO 2026-03-22 11:44:37,575 basehttp 21780 37400 "GET /get-cart-count/ HTTP/1.1" 200 39
INFO 2026-03-22 11:45:37,616 basehttp 21780 37400 "GET /get-cart-count/ HTTP/1.1" 200 39
INFO 2026-03-22 11:46:37,554 basehttp 21780 37400 "GET /get-cart-count/ HTTP/1.1" 200 39
INFO 2026-03-22 11:47:37,569 basehttp 21780 37400 "GET /get-cart-count/ HTTP/1.1" 200 39
INFO 2026-03-22 11:48:37,584 basehttp 21780 37400 "GET /get-cart-count/ HTTP/1.1" 200 39
INFO 2026-03-22 11:49:37,578 basehttp 21780 37400 "GET /get-cart-count/ HTTP/1.1" 200 39
INFO 2026-03-22 11:50:37,584 basehttp 21780 37400 "GET /get-cart-count/ HTTP/1.1" 200 39
INFO 2026-03-22 11:51:37,569 basehttp 21780 37400 "GET /get-cart-count/ HTTP/1.1" 200 39
INFO 2026-03-22 11:52:37,574 basehttp 21780 37400 "GET /get-cart-count/ HTTP/1.1" 200 39
INFO 2026-03-22 11:53:37,556 basehttp 21780 37400 "GET /get-cart-count/ HTTP/1.1" 200 39
INFO 2026-03-22 11:54:37,550 basehttp 21780 37400 "GET /get-cart-count/ HTTP/1.1" 200 39
INFO 2026-03-22 11:55:37,561 basehttp 21780 37400 "GET /get-cart-count/ HTTP/1.1" 200 39
INFO 2026-03-22 11:56:37,552 basehttp 21780 37400 "GET /get-cart-count/ HTTP/1.1" 200 39
INFO 2026-03-22 11:57:37,567 basehttp 21780 37400 "GET /get-cart-count/ HTTP/1.1" 200 39
INFO 2026-03-22 11:58:37,580 basehttp 21780 37400 "GET /get-cart-count/ HTTP/1.1" 200 39
INFO 2026-03-22 11:59:37,580 basehttp 21780 37400 "GET /get-cart-count/ HTTP/1.1" 200 39
INFO 2026-03-22 12:00:37,572 basehttp 21780 37400 "GET /get-cart-count/ HTTP/1.1" 200 39
INFO 2026-03-22 12:01:37,578 basehttp 21780 37400 "GET /get-cart-count/ HTTP/1.1" 200 39
INFO 2026-03-22 12:02:37,571 basehttp 21780 37400 "GET /get-cart-count/ HTTP/1.1" 200 39
INFO 2026-03-22 12:03:37,597 basehttp 21780 37400 "GET /get-cart-count/ HTTP/1.1" 200 39
INFO 2026-03-22 12:04:37,574 basehttp 21780 37400 "GET /get-cart-count/ HTTP/1.1" 200 39
INFO 2026-03-22 12:05:37,585 basehttp 21780 37400 "GET /get-cart-count/ HTTP/1.1" 200 39
INFO 2026-03-22 12:06:37,582 basehttp 21780 37400 "GET /get-cart-count/ HTTP/1.1" 200 39
INFO 2026-03-22 12:07:37,564 basehttp 21780 37400 "GET /get-cart-count/ HTTP/1.1" 200 39
INFO 2026-03-22 12:08:37,572 basehttp 21780 37400 "GET /get-cart-count/ HTTP/1.1" 200 39
INFO 2026-03-22 12:09:37,564 basehttp 21780 37400 "GET /get-cart-count/ HTTP/1.1" 200 39
INFO 2026-03-22 12:10:37,558 basehttp 21780 37400 "GET /get-cart-count/ HTTP/1.1" 200 39
INFO 2026-03-22 12:11:48,211 basehttp 21780 37400 "GET /get-cart-count/ HTTP/1.1" 200 39
INFO 2026-03-22 12:11:48,618 basehttp 21780 37400 "GET /get-cart-count/ HTTP/1.1" 200 39
INFO 2026-03-22 12:11:53,617 basehttp 21780 37400 "GET /get-cart-count/ HTTP/1.1" 200 39
INFO 2026-03-22 12:11:55,963 basehttp 21780 37400 "GET /checkout/ HTTP/1.1" 200 16764
INFO 2026-03-22 12:11:56,749 basehttp 21780 37400 "GET /get-cart-count/ HTTP/1.1" 200 39
INFO 2026-03-22 12:12:01,555 basehttp 21780 37400 "GET /get-cart-count/ HTTP/1.1" 200 39
INFO 2026-03-22 12:12:06,554 basehttp 21780 37400 "GET /get-cart-count/ HTTP/1.1" 200 39
INFO 2026-03-22 12:12:11,557 basehttp 21780 37400 "GET /get-cart-count/ HTTP/1.1" 200 39
INFO 2026-03-22 12:12:16,546 basehttp 21780 37400 "GET /get-cart-count/ HTTP/1.1" 200 39
INFO 2026-03-22 12:12:21,558 basehttp 21780 37400 "GET /get-cart-count/ HTTP/1.1" 200 39
INFO 2026-03-22 12:12:26,545 basehttp 21780 37400 "GET /get-cart-count/ HTTP/1.1" 200 39
INFO 2026-03-22 12:12:31,551 basehttp 21780 37400 "GET /get-cart-count/ HTTP/1.1" 200 39
INFO 2026-03-22 12:12:36,553 basehttp 21780 37400 "GET /get-cart-count/ HTTP/1.1" 200 39
INFO 2026-03-22 12:12:41,554 basehttp 21780 37400 "GET /get-cart-count/ HTTP/1.1" 200 39
INFO 2026-03-22 12:12:46,547 basehttp 21780 37400 "GET /get-cart-count/ HTTP/1.1" 200 39
INFO 2026-03-22 12:12:51,545 basehttp 21780 37400 "GET /get-cart-count/ HTTP/1.1" 200 39
INFO 2026-03-22 12:12:56,545 basehttp 21780 37400 "GET /get-cart-count/ HTTP/1.1" 200 39
INFO 2026-03-22 12:13:37,587 basehttp 21780 37400 "GET /get-cart-count/ HTTP/1.1" 200 39
INFO 2026-03-22 12:14:37,557 basehttp 21780 37400 "GET /get-cart-count/ HTTP/1.1" 200 39
INFO 2026-03-22 12:15:37,558 basehttp 21780 37400 "GET /get-cart-count/ HTTP/1.1" 200 39
INFO 2026-03-22 12:16:37,557 basehttp 21780 37400 "GET /get-cart-count/ HTTP/1.1" 200 39
INFO 2026-03-22 12:17:37,577 basehttp 21780 37400 "GET /get-cart-count/ HTTP/1.1" 200 39
INFO 2026-03-22 12:18:37,570 basehttp 21780 37400 "GET /get-cart-count/ HTTP/1.1" 200 39
INFO 2026-03-22 12:19:03,839 autoreload 21780 36568 C:\Users\venka\OneDrive\Pictures\Saved Pictures\11-06-25\restaurant\Resturant_Project\Base_App\views.py changed, reloading.
INFO 2026-03-22 12:19:05,860 autoreload 33316 15200 Watching for file changes with StatReloader
INFO 2026-03-22 12:19:37,571 basehttp 33316 23984 "GET /get-cart-count/ HTTP/1.1" 200 39
INFO 2026-03-22 12:20:37,556 basehttp 33316 23984 "GET /get-cart-count/ HTTP/1.1" 200 39
INFO 2026-03-22 12:20:43,856 autoreload 33316 15200 C:\Users\venka\OneDrive\Pictures\Saved Pictures\11-06-25\restaurant\Resturant_Project\Base_App\views.py changed, reloading.
INFO 2026-03-22 12:20:45,154 autoreload 28536 2460 Watching for file changes with StatReloader
INFO 2026-03-22 12:21:37,567 basehttp 28536 1368 "GET /get-cart-count/ HTTP/1.1" 200 39
INFO 2026-03-22 12:22:37,573 basehttp 28536 1368 "GET /get-cart-count/ HTTP/1.1" 200 39
INFO 2026-03-22 12:23:37,593 basehttp 28536 1368 "GET /get-cart-count/ HTTP/1.1" 200 39
INFO 2026-03-22 12:24:37,606 basehttp 28536 1368 "GET /get-cart-count/ HTTP/1.1" 200 39
INFO 2026-03-22 12:25:37,567 basehttp 28536 1368 "GET /get-cart-count/ HTTP/1.1" 200 39
INFO 2026-03-22 12:26:37,561 basehttp 28536 1368 "GET /get-cart-count/ HTTP/1.1" 200 39
INFO 2026-03-22 12:27:37,579 basehttp 28536 1368 "GET /get-cart-count/ HTTP/1.1" 200 39
INFO 2026-03-22 12:28:37,564 basehttp 28536 1368 "GET /get-cart-count/ HTTP/1.1" 200 39
INFO 2026-03-22 12:29:37,562 basehttp 28536 1368 "GET /get-cart-count/ HTTP/1.1" 200 39
INFO 2026-03-22 12:30:37,579 basehttp 28536 1368 "GET /get-cart-count/ HTTP/1.1" 200 39
INFO 2026-03-22 12:31:37,568 basehttp 28536 1368 "GET /get-cart-count/ HTTP/1.1" 200 39
INFO 2026-03-22 12:32:37,566 basehttp 28536 1368 "GET /get-cart-count/ HTTP/1.1" 200 39
INFO 2026-03-22 12:33:37,574 basehttp 28536 1368 "GET /get-cart-count/ HTTP/1.1" 200 39
INFO 2026-03-22 12:34:37,575 basehttp 28536 1368 "GET /get-cart-count/ HTTP/1.1" 200 39
INFO 2026-03-22 12:35:37,567 basehttp 28536 1368 "GET /get-cart-count/ HTTP/1.1" 200 39
INFO 2026-03-22 12:36:37,568 basehttp 28536 1368 "GET /get-cart-count/ HTTP/1.1" 200 39
INFO 2026-03-22 12:37:26,213 autoreload 28536 2460 C:\Users\venka\OneDrive\Pictures\Saved Pictures\11-06-25\restaurant\Resturant_Project\Resturant_Project\urls.py changed, reloading.
INFO 2026-03-22 12:37:27,521 autoreload 27136 33116 Watching for file changes with StatReloader
INFO 2026-03-22 12:37:37,572 basehttp 27136 11372 "GET /get-cart-count/ HTTP/1.1" 200 39
INFO 2026-03-22 12:37:47,678 basehttp 27136 11372 "GET /get-cart-count/ HTTP/1.1" 200 39
INFO 2026-03-22 12:37:51,179 basehttp 27136 11372 "GET /get-cart-count/ HTTP/1.1" 200 39
INFO 2026-03-22 12:37:56,180 basehttp 27136 11372 "GET /get-cart-count/ HTTP/1.1" 200 39
INFO 2026-03-22 12:37:57,032 basehttp 27136 11372 "GET / HTTP/1.1" 200 18800
INFO 2026-03-22 12:37:58,038 basehttp 27136 11372 "GET /get-cart-count/ HTTP/1.1" 200 39
INFO 2026-03-22 12:38:00,818 basehttp 27136 11372 "GET / HTTP/1.1" 200 18800
INFO 2026-03-22 12:38:01,147 basehttp 27136 11372 "GET /get-cart-count/ HTTP/1.1" 200 39
INFO 2026-03-22 12:38:02,934 basehttp 27136 11372 "GET /menu/ HTTP/1.1" 200 28560
INFO 2026-03-22 12:38:04,053 basehttp 27136 11372 "GET /get-cart-count/ HTTP/1.1" 200 39
INFO 2026-03-22 12:38:08,974 basehttp 27136 11372 "GET /get-cart-count/ HTTP/1.1" 200 39
INFO 2026-03-22 12:38:10,457 basehttp 27136 11372 "GET /book-table/ HTTP/1.1" 200 10474
INFO 2026-03-22 12:38:10,861 basehttp 27136 11372 "GET /get-cart-count/ HTTP/1.1" 200 39
INFO 2026-03-22 12:38:11,743 basehttp 27136 11372 "GET /feedback/ HTTP/1.1" 200 15870
WARNING 2026-03-22 12:38:12,150 basehttp 27136 11372 "GET /static/images/default-user.png HTTP/1.1" 404 1828
INFO 2026-03-22 12:38:12,187 basehttp 27136 2752 "GET /get-cart-count/ HTTP/1.1" 200 39
INFO 2026-03-22 12:38:16,922 basehttp 27136 2752 "GET /get-cart-count/ HTTP/1.1" 200 39
INFO 2026-03-22 12:38:21,922 basehttp 27136 2752 "GET /get-cart-count/ HTTP/1.1" 200 39
INFO 2026-03-22 12:38:27,572 basehttp 27136 2752 "GET /get-cart-count/ HTTP/1.1" 200 39
INFO 2026-03-22 12:38:32,558 basehttp 27136 2752 "GET /get-cart-count/ HTTP/1.1" 200 39
INFO 2026-03-22 12:38:37,559 basehttp 27136 2752 "GET /get-cart-count/ HTTP/1.1" 200 39
INFO 2026-03-22 12:38:42,548 basehttp 27136 2752 "GET /get-cart-count/ HTTP/1.1" 200 39
INFO 2026-03-22 12:38:47,549 basehttp 27136 2752 "GET /get-cart-count/ HTTP/1.1" 200 39
INFO 2026-03-22 12:38:52,556 basehttp 27136 2752 "GET /get-cart-count/ HTTP/1.1" 200 39
INFO 2026-03-22 12:38:57,545 basehttp 27136 2752 "GET /get-cart-count/ HTTP/1.1" 200 39
INFO 2026-03-22 12:39:02,542 basehttp 27136 2752 "GET /get-cart-count/ HTTP/1.1" 200 39
INFO 2026-03-22 12:39:07,549 basehttp 27136 2752 "GET /get-cart-count/ HTTP/1.1" 200 39
INFO 2026-03-22 12:39:12,559 basehttp 27136 2752 "GET /get-cart-count/ HTTP/1.1" 200 39
INFO 2026-03-22 12:39:17,555 basehttp 27136 2752 "GET /get-cart-count/ HTTP/1.1" 200 39
INFO 2026-03-22 12:39:22,558 basehttp 27136 2752 "GET /get-cart-count/ HTTP/1.1" 200 39
INFO 2026-03-22 12:39:37,553 basehttp 27136 2752 "GET /get-cart-count/ HTTP/1.1" 200 39
INFO 2026-03-22 12:40:37,558 basehttp 27136 2752 "GET /get-cart-count/ HTTP/1.1" 200 39
INFO 2026-03-22 12:41:37,551 basehttp 27136 2752 "GET /get-cart-count/ HTTP/1.1" 200 39
INFO 2026-03-22 12:42:17,730 basehttp 27136 2752 "GET /get-cart-count/ HTTP/1.1" 200 39
INFO 2026-03-22 12:42:21,403 basehttp 27136 2752 "GET /cart/ HTTP/1.1" 200 19377
INFO 2026-03-22 12:42:23,069 basehttp 27136 2752 "GET /login/ HTTP/1.1" 200 4792
WARNING 2026-03-22 12:42:23,895 log 27136 2752 Not Found: /favicon.ico
WARNING 2026-03-22 12:42:23,896 basehttp 27136 2752 "GET /favicon.ico HTTP/1.1" 404 5877
INFO 2026-03-22 12:42:27,080 basehttp 27136 2752 "GET /get-cart-count/ HTTP/1.1" 200 39
INFO 2026-03-22 12:42:31,560 basehttp 27136 2752 "GET /get-cart-count/ HTTP/1.1" 200 39
INFO 2026-03-22 12:42:37,561 basehttp 27136 2752 "GET /get-cart-count/ HTTP/1.1" 200 39
INFO 2026-03-22 12:42:42,547 basehttp 27136 2752 "GET /get-cart-count/ HTTP/1.1" 200 39
INFO 2026-03-22 12:42:47,541 basehttp 27136 2752 "GET /get-cart-count/ HTTP/1.1" 200 39
INFO 2026-03-22 12:42:52,555 basehttp 27136 2752 "GET /get-cart-count/ HTTP/1.1" 200 39
INFO 2026-03-22 12:42:57,552 basehttp 27136 2752 "GET /get-cart-count/ HTTP/1.1" 200 39
INFO 2026-03-22 12:43:02,543 basehttp 27136 2752 "GET /get-cart-count/ HTTP/1.1" 200 39
INFO 2026-03-22 12:43:07,548 basehttp 27136 2752 "GET /get-cart-count/ HTTP/1.1" 200 39
INFO 2026-03-22 12:43:12,555 basehttp 27136 2752 "GET /get-cart-count/ HTTP/1.1" 200 39
INFO 2026-03-22 12:43:17,561 basehttp 27136 2752 "GET /get-cart-count/ HTTP/1.1" 200 39
INFO 2026-03-22 12:43:22,561 basehttp 27136 2752 "GET /get-cart-count/ HTTP/1.1" 200 39
INFO 2026-03-22 12:43:27,546 basehttp 27136 2752 "GET /get-cart-count/ HTTP/1.1" 200 39
INFO 2026-03-22 12:43:37,552 basehttp 27136 2752 "GET /get-cart-count/ HTTP/1.1" 200 39
INFO 2026-03-22 12:44:37,552 basehttp 27136 2752 "GET /get-cart-count/ HTTP/1.1" 200 39
INFO 2026-03-22 12:45:37,562 basehttp 27136 2752 "GET /get-cart-count/ HTTP/1.1" 200 39
INFO 2026-03-22 12:46:37,559 basehttp 27136 2752 "GET /get-cart-count/ HTTP/1.1" 200 39
INFO 2026-03-22 12:47:37,560 basehttp 27136 2752 "GET /get-cart-count/ HTTP/1.1" 200 39
INFO 2026-03-22 12:47:57,529 basehttp 27136 2752 "GET /get-cart-count/ HTTP/1.1" 200 39
INFO 2026-03-22 12:47:59,491 basehttp 27136 2752 "GET /login/ HTTP/1.1" 200 29285
INFO 2026-03-22 12:47:59,751 basehttp 27136 2752 "GET /get-cart-count/ HTTP/1.1" 200 39
INFO 2026-03-22 12:48:04,683 basehttp 27136 2752 "GET /get-cart-count/ HTTP/1.1" 200 39
INFO 2026-03-22 12:48:10,555 basehttp 27136 2752 "GET /get-cart-count/ HTTP/1.1" 200 39
INFO 2026-03-22 12:48:15,559 basehttp 27136 2752 "GET /get-cart-count/ HTTP/1.1" 200 39
INFO 2026-03-22 12:48:20,567 basehttp 27136 2752 "GET /get-cart-count/ HTTP/1.1" 200 39
INFO 2026-03-22 12:48:25,549 basehttp 27136 2752 "GET /get-cart-count/ HTTP/1.1" 200 39
INFO 2026-03-22 12:48:29,675 basehttp 27136 2752 "GET /get-cart-count/ HTTP/1.1" 200 39
INFO 2026-03-22 12:48:34,674 basehttp 27136 2752 "GET /get-cart-count/ HTTP/1.1" 200 39
INFO 2026-03-22 12:48:40,552 basehttp 27136 2752 "GET /get-cart-count/ HTTP/1.1" 200 39
INFO 2026-03-22 12:48:45,550 basehttp 27136 2752 "GET /get-cart-count/ HTTP/1.1" 200 39
INFO 2026-03-22 12:48:50,549 basehttp 27136 2752 "GET /get-cart-count/ HTTP/1.1" 200 39
INFO 2026-03-22 12:48:55,547 basehttp 27136 2752 "GET /get-cart-count/ HTTP/1.1" 200 39
INFO 2026-03-22 12:49:00,554 basehttp 27136 2752 "GET /get-cart-count/ HTTP/1.1" 200 39
INFO 2026-03-22 12:49:05,547 basehttp 27136 2752 "GET /get-cart-count/ HTTP/1.1" 200 39
INFO 2026-03-22 12:49:10,553 basehttp 27136 2752 "GET /get-cart-count/ HTTP/1.1" 200 39
INFO 2026-03-22 12:49:15,555 basehttp 27136 2752 "GET /get-cart-count/ HTTP/1.1" 200 39
INFO 2026-03-22 12:49:20,547 basehttp 27136 2752 "GET /get-cart-count/ HTTP/1.1" 200 39
INFO 2026-03-22 12:49:25,559 basehttp 27136 2752 "GET /get-cart-count/ HTTP/1.1" 200 39
INFO 2026-03-22 12:49:30,546 basehttp 27136 2752 "GET /get-cart-count/ HTTP/1.1" 200 39
INFO 2026-03-22 12:49:35,560 basehttp 27136 2752 "GET /get-cart-count/ HTTP/1.1" 200 39
INFO 2026-03-22 12:50:37,557 basehttp 27136 2752 "GET /get-cart-count/ HTTP/1.1" 200 39
INFO 2026-03-22 12:51:37,556 basehttp 27136 2752 "GET /get-cart-count/ HTTP/1.1" 200 39
INFO 2026-03-22 12:52:19,554 autoreload 27904 31448 Watching for file changes with StatReloader
INFO 2026-03-22 12:52:24,816 basehttp 27904 8852 "GET / HTTP/1.1" 200 18800
INFO 2026-03-22 12:52:24,875 basehttp 27904 8852 "GET /get-cart-count/ HTTP/1.1" 200 39
INFO 2026-03-22 12:52:25,908 basehttp 27904 8852 "GET /get-cart-count/ HTTP/1.1" 200 39
INFO 2026-03-22 12:52:27,761 basehttp 27904 8852 "GET /login/ HTTP/1.1" 200 20906
INFO 2026-03-22 12:52:28,013 basehttp 27904 8852 "GET /get-cart-count/ HTTP/1.1" 200 39
INFO 2026-03-22 12:52:30,556 basehttp 27904 8852 "GET /get-cart-count/ HTTP/1.1" 200 39
INFO 2026-03-22 12:52:32,862 basehttp 27904 8852 "GET /get-cart-count/ HTTP/1.1" 200 39
INFO 2026-03-22 12:52:35,548 basehttp 27904 8852 "GET /get-cart-count/ HTTP/1.1" 200 39
INFO 2026-03-22 12:52:37,857 basehttp 27904 8852 "GET /get-cart-count/ HTTP/1.1" 200 39
INFO 2026-03-22 12:52:40,350 basehttp 27904 8852 "GET /feedback/ HTTP/1.1" 200 15870
WARNING 2026-03-22 12:52:40,393 basehttp 27904 8852 "GET /static/images/default-user.png HTTP/1.1" 404 1828
WARNING 2026-03-22 12:52:40,436 basehttp 27904 25900 "GET /static/images/default-user.png HTTP/1.1" 404 1828
INFO 2026-03-22 12:52:40,563 basehttp 27904 30868 "GET /get-cart-count/ HTTP/1.1" 200 39
INFO 2026-03-22 12:52:40,598 basehttp 27904 30868 "GET /get-cart-count/ HTTP/1.1" 200 39
INFO 2026-03-22 12:52:45,547 basehttp 27904 30868 "GET /get-cart-count/ HTTP/1.1" 200 39
INFO 2026-03-22 12:52:45,557 basehttp 27904 30868 "GET /get-cart-count/ HTTP/1.1" 200 39
INFO 2026-03-22 12:52:50,546 basehttp 27904 30868 "GET /get-cart-count/ HTTP/1.1" 200 39
INFO 2026-03-22 12:52:50,561 basehttp 27904 30868 "GET /get-cart-count/ HTTP/1.1" 200 39
INFO 2026-03-22 12:52:55,544 basehttp 27904 30868 "GET /get-cart-count/ HTTP/1.1" 200 39
INFO 2026-03-22 12:52:55,558 basehttp 27904 30868 "GET /get-cart-count/ HTTP/1.1" 200 39
INFO 2026-03-22 12:53:00,547 basehttp 27904 30868 "GET /get-cart-count/ HTTP/1.1" 200 39
INFO 2026-03-22 12:53:00,563 basehttp 27904 30868 "GET /get-cart-count/ HTTP/1.1" 200 39
INFO 2026-03-22 12:53:05,544 basehttp 27904 30868 "GET /get-cart-count/ HTTP/1.1" 200 39
INFO 2026-03-22 12:53:05,570 basehttp 27904 30868 "GET /get-cart-count/ HTTP/1.1" 200 39
INFO 2026-03-22 12:53:10,543 basehttp 27904 30868 "GET /get-cart-count/ HTTP/1.1" 200 39
INFO 2026-03-22 12:53:10,691 basehttp 27904 30868 "GET /get-cart-count/ HTTP/1.1" 200 39
INFO 2026-03-22 12:53:14,413 views 27904 30868 Feedback received from venkatesh with rating 5 stars
INFO 2026-03-22 12:53:14,415 basehttp 27904 30868 "POST /feedback/ HTTP/1.1" 302 0
INFO 2026-03-22 12:53:14,437 basehttp 27904 30868 "GET /feedback/ HTTP/1.1" 200 16114
WARNING 2026-03-22 12:53:14,468 basehttp 27904 30868 "GET /static/images/default-user.png HTTP/1.1" 404 1828
WARNING 2026-03-22 12:53:14,504 basehttp 27904 27692 "GET /static/images/default-user.png HTTP/1.1" 404 1828
INFO 2026-03-22 12:53:14,647 basehttp 27904 23600 "GET /get-cart-count/ HTTP/1.1" 200 39
INFO 2026-03-22 12:53:15,559 basehttp 27904 23600 "GET /get-cart-count/ HTTP/1.1" 200 39
INFO 2026-03-22 12:53:19,589 basehttp 27904 23600 "GET /get-cart-count/ HTTP/1.1" 200 39
INFO 2026-03-22 12:53:20,555 basehttp 27904 23600 "GET /get-cart-count/ HTTP/1.1" 200 39
INFO 2026-03-22 12:53:24,588 basehttp 27904 23600 "GET /get-cart-count/ HTTP/1.1" 200 39
INFO 2026-03-22 12:53:25,554 basehttp 27904 23600 "GET /get-cart-count/ HTTP/1.1" 200 39
INFO 2026-03-22 12:53:30,552 basehttp 27904 23600 "GET /get-cart-count/ HTTP/1.1" 200 39
INFO 2026-03-22 12:53:35,550 basehttp 27904 23600 "GET /get-cart-count/ HTTP/1.1" 200 39
INFO 2026-03-22 12:53:37,549 basehttp 27904 23600 "GET /get-cart-count/ HTTP/1.1" 200 39
INFO 2026-03-22 12:53:40,545 basehttp 27904 23600 "GET /get-cart-count/ HTTP/1.1" 200 39
INFO 2026-03-22 12:53:45,550 basehttp 27904 23600 "GET /get-cart-count/ HTTP/1.1" 200 39
INFO 2026-03-22 12:53:50,556 basehttp 27904 23600 "GET /get-cart-count/ HTTP/1.1" 200 39
INFO 2026-03-22 12:53:55,551 basehttp 27904 23600 "GET /get-cart-count/ HTTP/1.1" 200 39
INFO 2026-03-22 12:54:00,559 basehttp 27904 23600 "GET /get-cart-count/ HTTP/1.1" 200 39
INFO 2026-03-22 12:54:05,550 basehttp 27904 23600 "GET /get-cart-count/ HTTP/1.1" 200 39
INFO 2026-03-22 12:54:10,545 basehttp 27904 23600 "GET /get-cart-count/ HTTP/1.1" 200 39
INFO 2026-03-22 12:54:15,546 basehttp 27904 23600 "GET /get-cart-count/ HTTP/1.1" 200 39
INFO 2026-03-22 12:54:20,558 basehttp 27904 23600 "GET /get-cart-count/ HTTP/1.1" 200 39
INFO 2026-03-22 12:54:25,554 basehttp 27904 23600 "GET /get-cart-count/ HTTP/1.1" 200 39
INFO 2026-03-22 12:54:37,557 basehttp 27904 23600 "GET /get-cart-count/ HTTP/1.1" 200 39
INFO 2026-03-22 12:54:37,571 basehttp 27904 23600 "GET /get-cart-count/ HTTP/1.1" 200 39
INFO 2026-03-22 12:55:37,552 basehttp 27904 23600 "GET /get-cart-count/ HTTP/1.1" 200 39
INFO 2026-03-22 12:55:37,594 basehttp 27904 23600 "GET /get-cart-count/ HTTP/1.1" 200 39
INFO 2026-03-22 12:56:37,557 basehttp 27904 23600 "GET /get-cart-count/ HTTP/1.1" 200 39
INFO 2026-03-22 12:56:37,574 basehttp 27904 23600 "GET /get-cart-count/ HTTP/1.1" 200 39
INFO 2026-03-22 12:57:37,551 basehttp 27904 23600 "GET /get-cart-count/ HTTP/1.1" 200 39
INFO 2026-03-22 12:57:37,579 basehttp 27904 23600 "GET /get-cart-count/ HTTP/1.1" 200 39
INFO 2026-03-22 12:58:37,556 basehttp 27904 23600 "GET /get-cart-count/ HTTP/1.1" 200 39
INFO 2026-03-22 12:58:37,570 basehttp 27904 23600 "GET /get-cart-count/ HTTP/1.1" 200 39
INFO 2026-03-22 12:59:37,548 basehttp 27904 23600 "GET /get-cart-count/ HTTP/1.1" 200 39
INFO 2026-03-22 12:59:37,562 basehttp 27904 23600 "GET /get-cart-count/ HTTP/1.1" 200 39
INFO 2026-03-22 13:00:37,555 basehttp 27904 23600 "GET /get-cart-count/ HTTP/1.1" 200 39
INFO 2026-03-22 13:00:37,577 basehttp 27904 23600 "GET /get-cart-count/ HTTP/1.1" 200 39
INFO 2026-03-22 13:01:37,558 basehttp 27904 23600 "GET /get-cart-count/ HTTP/1.1" 200 39
INFO 2026-03-22 13:01:37,575 basehttp 27904 23600 "GET /get-cart-count/ HTTP/1.1" 200 39
INFO 2026-03-22 13:02:37,559 basehttp 27904 23600 "GET /get-cart-count/ HTTP/1.1" 200 39
INFO 2026-03-22 13:02:37,578 basehttp 27904 23600 "GET /get-cart-count/ HTTP/1.1" 200 39
INFO 2026-03-22 13:03:37,543 basehttp 27904 23600 "GET /get-cart-count/ HTTP/1.1" 200 39
INFO 2026-03-22 13:03:37,556 basehttp 27904 23600 "GET /get-cart-count/ HTTP/1.1" 200 39
INFO 2026-03-22 13:04:37,566 basehttp 27904 4692 "GET /get-cart-count/ HTTP/1.1" 200 39
INFO 2026-03-22 13:04:37,580 basehttp 27904 4692 "GET /get-cart-count/ HTTP/1.1" 200 39
INFO 2026-03-22 13:05:37,560 basehttp 27904 4692 "GET /get-cart-count/ HTTP/1.1" 200 39
INFO 2026-03-22 13:05:37,572 basehttp 27904 4692 "GET /get-cart-count/ HTTP/1.1" 200 39
INFO 2026-03-22 13:06:37,549 basehttp 27904 4692 "GET /get-cart-count/ HTTP/1.1" 200 39
INFO 2026-03-22 13:06:37,564 basehttp 27904 4692 "GET /get-cart-count/ HTTP/1.1" 200 39
INFO 2026-03-22 13:07:37,549 basehttp 27904 4692 "GET /get-cart-count/ HTTP/1.1" 200 39
INFO 2026-03-22 13:07:37,566 basehttp 27904 4692 "GET /get-cart-count/ HTTP/1.1" 200 39
INFO 2026-03-22 13:08:29,849 basehttp 27904 4692 "GET /get-cart-count/ HTTP/1.1" 200 39
INFO 2026-03-22 13:08:35,556 basehttp 27904 4692 "GET /get-cart-count/ HTTP/1.1" 200 39
INFO 2026-03-22 13:08:37,559 basehttp 27904 4692 "GET /get-cart-count/ HTTP/1.1" 200 39
INFO 2026-03-22 13:08:40,580 basehttp 27904 4692 "GET /get-cart-count/ HTTP/1.1" 200 39
INFO 2026-03-22 13:08:45,553 basehttp 27904 4692 "GET /get-cart-count/ HTTP/1.1" 200 39
INFO 2026-03-22 13:08:50,556 basehttp 27904 4692 "GET /get-cart-count/ HTTP/1.1" 200 39
INFO 2026-03-22 13:08:56,757 basehttp 27904 29288 "GET /get-cart-count/ HTTP/1.1" 200 39
INFO 2026-03-22 13:09:00,552 basehttp 27904 29288 "GET /get-cart-count/ HTTP/1.1" 200 39
INFO 2026-03-22 13:12:03,507 basehttp 27904 12560 "GET /get-cart-count/ HTTP/1.1" 200 39
INFO 2026-03-22 13:12:03,606 basehttp 27904 12560 "GET /get-cart-count/ HTTP/1.1" 200 39
INFO 2026-03-22 15:46:20,630 autoreload 27904 31448 C:\Users\venka\OneDrive\Pictures\Saved Pictures\11-06-25\restaurant\Resturant_Project\Resturant_Project\settings.py changed, reloading.
INFO 2026-03-22 15:46:22,180 autoreload 34496 22556 Watching for file changes with StatReloader
INFO 2026-03-22 20:05:27,166 basehttp 34496 24100 "GET /get-cart-count/ HTTP/1.1" 200 39
INFO 2026-03-22 20:05:31,751 basehttp 34496 24100 "GET /get-cart-count/ HTTP/1.1" 200 39
INFO 2026-03-22 20:05:36,764 basehttp 34496 24100 "GET /get-cart-count/ HTTP/1.1" 200 39
INFO 2026-03-22 20:05:41,757 basehttp 34496 24100 "GET /get-cart-count/ HTTP/1.1" 200 39
INFO 2026-03-22 20:05:46,765 basehttp 34496 24100 "GET /get-cart-count/ HTTP/1.1" 200 39
INFO 2026-03-22 20:05:51,765 basehttp 34496 24100 "GET /get-cart-count/ HTTP/1.1" 200 39
INFO 2026-03-22 20:05:56,767 basehttp 34496 24100 "GET /get-cart-count/ HTTP/1.1" 200 39
INFO 2026-03-22 20:08:27,461 autoreload 34496 22556 C:\Users\venka\OneDrive\Pictures\Saved Pictures\11-06-25\restaurant\Resturant_Project\Resturant_Project\settings.py changed, reloading.
INFO 2026-03-22 20:08:28,954 autoreload 21280 26168 Watching for file changes with StatReloader
INFO 2026-03-22 20:08:53,168 autoreload 20824 17012 Watching for file changes with StatReloader
INFO 2026-03-22 20:08:56,317 basehttp 20824 30504 "GET / HTTP/1.1" 200 18800
INFO 2026-03-22 20:08:57,969 basehttp 20824 30504 "GET /get-cart-count/ HTTP/1.1" 200 39
INFO 2026-03-22 20:09:01,955 basehttp 20824 30504 "GET /get-cart-count/ HTTP/1.1" 200 39
INFO 2026-03-22 20:09:03,520 basehttp 20824 30504 "GET /book-table/ HTTP/1.1" 200 10474
INFO 2026-03-22 20:09:04,254 basehttp 20824 30504 "GET /get-cart-count/ HTTP/1.1" 200 39
INFO 2026-03-22 20:09:08,671 basehttp 20824 30504 "GET /get-cart-count/ HTTP/1.1" 200 39
INFO 2026-03-22 20:09:13,666 basehttp 20824 30504 "GET /get-cart-count/ HTTP/1.1" 200 39
INFO 2026-03-22 20:09:18,656 basehttp 20824 30504 "GET /get-cart-count/ HTTP/1.1" 200 39
INFO 2026-03-22 20:09:23,659 basehttp 20824 30504 "GET /get-cart-count/ HTTP/1.1" 200 39
INFO 2026-03-22 20:09:28,656 basehttp 20824 30504 "GET /get-cart-count/ HTTP/1.1" 200 39
INFO 2026-03-22 20:09:33,654 basehttp 20824 30504 "GET /get-cart-count/ HTTP/1.1" 200 39
INFO 2026-03-22 20:09:38,662 basehttp 20824 30504 "GET /get-cart-count/ HTTP/1.1" 200 39
INFO 2026-03-22 20:09:43,659 basehttp 20824 30504 "GET /get-cart-count/ HTTP/1.1" 200 39
INFO 2026-03-22 20:09:48,660 basehttp 20824 30504 "GET /get-cart-count/ HTTP/1.1" 200 39
INFO 2026-03-22 20:09:53,667 basehttp 20824 30504 "GET /get-cart-count/ HTTP/1.1" 200 39
INFO 2026-03-22 20:09:58,660 basehttp 20824 30504 "GET /get-cart-count/ HTTP/1.1" 200 39
INFO 2026-03-22 20:10:03,670 basehttp 20824 30504 "GET /get-cart-count/ HTTP/1.1" 200 39
INFO 2026-03-22 20:10:08,660 basehttp 20824 30504 "GET /get-cart-count/ HTTP/1.1" 200 39
INFO 2026-03-22 20:10:13,668 basehttp 20824 30504 "GET /get-cart-count/ HTTP/1.1" 200 39
WARNING 2026-03-22 20:10:15,488 views 20824 30504 BookTable form validation failed: <ul class="errorlist"><li>name<ul class="errorlist"><li>This field is required.</li></ul></li><li>email<ul class="errorlist"><li>This field is required.</li></ul></li><li>total_persons<ul class="errorlist"><li>This field is required.</li></ul></li><li>booking_date<ul class="errorlist"><li>This field is required.</li></ul></li><li>booking_time<ul class="errorlist"><li>This field is required.</li></ul></li></ul>
INFO 2026-03-22 20:10:15,495 basehttp 20824 30504 "POST /book-table/ HTTP/1.1" 200 10922
INFO 2026-03-22 20:10:15,814 basehttp 20824 30504 "GET /get-cart-count/ HTTP/1.1" 200 39
INFO 2026-03-22 20:10:20,684 basehttp 20824 30504 "GET /get-cart-count/ HTTP/1.1" 200 39
INFO 2026-03-22 20:10:25,698 basehttp 20824 30504 "GET /get-cart-count/ HTTP/1.1" 200 39
INFO 2026-03-22 20:10:30,688 basehttp 20824 30504 "GET /get-cart-count/ HTTP/1.1" 200 39
INFO 2026-03-22 20:10:35,685 basehttp 20824 30504 "GET /get-cart-count/ HTTP/1.1" 200 39
INFO 2026-03-22 20:10:40,687 basehttp 20824 30504 "GET /get-cart-count/ HTTP/1.1" 200 39
INFO 2026-03-22 20:10:45,683 basehttp 20824 30504 "GET /get-cart-count/ HTTP/1.1" 200 39
INFO 2026-03-22 20:10:50,685 basehttp 20824 30504 "GET /get-cart-count/ HTTP/1.1" 200 39
INFO 2026-03-22 20:10:55,693 basehttp 20824 30504 "GET /get-cart-count/ HTTP/1.1" 200 39
INFO 2026-03-22 20:11:00,693 basehttp 20824 30504 "GET /get-cart-count/ HTTP/1.1" 200 39
INFO 2026-03-22 20:11:05,697 basehttp 20824 30504 "GET /get-cart-count/ HTTP/1.1" 200 39
INFO 2026-03-22 20:11:10,689 basehttp 20824 30504 "GET /get-cart-count/ HTTP/1.1" 200 39
INFO 2026-03-22 20:11:15,689 basehttp 20824 30504 "GET /get-cart-count/ HTTP/1.1" 200 39
INFO 2026-03-22 20:11:20,680 basehttp 20824 30504 "GET /get-cart-count/ HTTP/1.1" 200 39
INFO 2026-03-22 20:11:25,691 basehttp 20824 30504 "GET /get-cart-count/ HTTP/1.1" 200 39
INFO 2026-03-22 20:11:30,687 basehttp 20824 30504 "GET /get-cart-count/ HTTP/1.1" 200 39
INFO 2026-03-22 20:11:35,689 basehttp 20824 30504 "GET /get-cart-count/ HTTP/1.1" 200 39
INFO 2026-03-22 20:11:40,685 basehttp 20824 30504 "GET /get-cart-count/ HTTP/1.1" 200 39
INFO 2026-03-22 20:11:45,680 basehttp 20824 30504 "GET /get-cart-count/ HTTP/1.1" 200 39
INFO 2026-03-22 20:11:50,687 basehttp 20824 30504 "GET /get-cart-count/ HTTP/1.1" 200 39
INFO 2026-03-22 20:11:55,691 basehttp 20824 30504 "GET /get-cart-count/ HTTP/1.1" 200 39
INFO 2026-03-22 20:12:00,682 basehttp 20824 30504 "GET /get-cart-count/ HTTP/1.1" 200 39
INFO 2026-03-22 20:12:05,688 basehttp 20824 30504 "GET /get-cart-count/ HTTP/1.1" 200 39
INFO 2026-03-22 20:12:10,692 basehttp 20824 30504 "GET /get-cart-count/ HTTP/1.1" 200 39
INFO 2026-03-22 20:12:15,688 basehttp 20824 30504 "GET /get-cart-count/ HTTP/1.1" 200 39
INFO 2026-03-22 20:12:20,683 basehttp 20824 30504 "GET /get-cart-count/ HTTP/1.1" 200 39
INFO 2026-03-22 20:12:25,688 basehttp 20824 30504 "GET /get-cart-count/ HTTP/1.1" 200 39
INFO 2026-03-22 20:12:30,694 basehttp 20824 30504 "GET /get-cart-count/ HTTP/1.1" 200 39
INFO 2026-03-22 20:12:35,687 basehttp 20824 30504 "GET /get-cart-count/ HTTP/1.1" 200 39
INFO 2026-03-22 20:12:40,764 basehttp 20824 30504 "GET /get-cart-count/ HTTP/1.1" 200 39
INFO 2026-03-22 20:12:45,755 basehttp 20824 30504 "GET /get-cart-count/ HTTP/1.1" 200 39
INFO 2026-03-22 20:12:50,752 basehttp 20824 30504 "GET /get-cart-count/ HTTP/1.1" 200 39
INFO 2026-03-22 20:12:55,771 basehttp 20824 30504 "GET /get-cart-count/ HTTP/1.1" 200 39
INFO 2026-03-22 20:13:00,762 basehttp 20824 30504 "GET /get-cart-count/ HTTP/1.1" 200 39
INFO 2026-03-22 20:13:05,761 basehttp 20824 30504 "GET /get-cart-count/ HTTP/1.1" 200 39
INFO 2026-03-22 20:13:10,755 basehttp 20824 30504 "GET /get-cart-count/ HTTP/1.1" 200 39
INFO 2026-03-22 20:13:15,758 basehttp 20824 30504 "GET /get-cart-count/ HTTP/1.1" 200 39
INFO 2026-03-22 20:13:20,757 basehttp 20824 30504 "GET /get-cart-count/ HTTP/1.1" 200 39
INFO 2026-03-22 20:13:25,771 basehttp 20824 30504 "GET /get-cart-count/ HTTP/1.1" 200 39
INFO 2026-03-22 20:13:30,770 basehttp 20824 30504 "GET /get-cart-count/ HTTP/1.1" 200 39
INFO 2026-03-22 20:13:35,760 basehttp 20824 30504 "GET /get-cart-count/ HTTP/1.1" 200 39
INFO 2026-03-22 20:14:38,758 basehttp 20824 30504 "GET /get-cart-count/ HTTP/1.1" 200 39
INFO 2026-03-22 20:15:38,769 basehttp 20824 30504 "GET /get-cart-count/ HTTP/1.1" 200 39
INFO 2026-03-22 20:16:38,766 basehttp 20824 30504 "GET /get-cart-count/ HTTP/1.1" 200 39
INFO 2026-03-22 20:17:38,758 basehttp 20824 30504 "GET /get-cart-count/ HTTP/1.1" 200 39
INFO 2026-03-22 20:21:09,030 basehttp 20824 30504 "GET /get-cart-count/ HTTP/1.1" 200 39
INFO 2026-03-22 20:21:10,690 basehttp 20824 30504 "GET /get-cart-count/ HTTP/1.1" 200 39
INFO 2026-03-22 20:21:15,759 basehttp 20824 30504 "GET /get-cart-count/ HTTP/1.1" 200 39
INFO 2026-03-22 20:21:20,759 basehttp 20824 30504 "GET /get-cart-count/ HTTP/1.1" 200 39
INFO 2026-03-22 20:21:25,758 basehttp 20824 30504 "GET /get-cart-count/ HTTP/1.1" 200 39
INFO 2026-03-22 20:21:30,768 basehttp 20824 30504 "GET /get-cart-count/ HTTP/1.1" 200 39
INFO 2026-03-22 20:21:35,759 basehttp 20824 30504 "GET /get-cart-count/ HTTP/1.1" 200 39
INFO 2026-03-22 20:21:40,764 basehttp 20824 30504 "GET /get-cart-count/ HTTP/1.1" 200 39
INFO 2026-03-22 20:21:45,764 basehttp 20824 30504 "GET /get-cart-count/ HTTP/1.1" 200 39
INFO 2026-03-22 20:21:50,763 basehttp 20824 30504 "GET /get-cart-count/ HTTP/1.1" 200 39
INFO 2026-03-22 20:21:55,765 basehttp 20824 30504 "GET /get-cart-count/ HTTP/1.1" 200 39
INFO 2026-03-22 20:22:00,760 basehttp 20824 30504 "GET /get-cart-count/ HTTP/1.1" 200 39
INFO 2026-03-22 20:22:05,767 basehttp 20824 30504 "GET /get-cart-count/ HTTP/1.1" 200 39
INFO 2026-03-22 20:22:10,757 basehttp 20824 30504 "GET /get-cart-count/ HTTP/1.1" 200 39
INFO 2026-03-22 20:22:38,764 basehttp 20824 30504 "GET /get-cart-count/ HTTP/1.1" 200 39
INFO 2026-03-22 20:23:38,765 basehttp 20824 30504 "GET /get-cart-count/ HTTP/1.1" 200 39
INFO 2026-03-22 20:24:05,229 basehttp 20824 30504 "GET /get-cart-count/ HTTP/1.1" 200 39
INFO 2026-03-22 20:24:05,893 basehttp 20824 30504 "GET /get-cart-count/ HTTP/1.1" 200 39
INFO 2026-03-22 20:24:07,970 basehttp 20824 30504 "GET /get-cart-count/ HTTP/1.1" 200 39
INFO 2026-03-22 20:24:38,779 basehttp 20824 30504 "GET /get-cart-count/ HTTP/1.1" 200 39
INFO 2026-03-23 10:20:50,875 autoreload 12564 38464 Watching for file changes with StatReloader
INFO 2026-03-23 10:30:32,397 autoreload 12564 38464 C:\Users\venka\OneDrive\Pictures\Saved Pictures\11-06-25\restaurant\Resturant_Project\Resturant_Project\settings.py changed, reloading.
INFO 2026-03-23 12:24:41,822 autoreload 37004 25536 Watching for file changes with StatReloader
INFO 2026-03-23 12:24:55,386 autoreload 37004 25536 C:\Users\venka\OneDrive\Pictures\Saved Pictures\11-06-25\restaurant\Resturant_Project\Base_App\views.py changed, reloading.
INFO 2026-03-23 12:24:56,263 autoreload 6292 7076 Watching for file changes with StatReloader
INFO 2026-03-24 10:38:21,563 autoreload 42132 4844 Watching for file changes with StatReloader
INFO 2026-03-24 10:38:25,806 basehttp 42132 32992 "GET / HTTP/1.1" 200 18800
INFO 2026-03-24 10:38:30,051 basehttp 42132 32992 "GET /get-cart-count/ HTTP/1.1" 200 39
INFO 2026-03-24 10:38:32,283 basehttp 42132 32992 "GET /menu/ HTTP/1.1" 200 28560
INFO 2026-03-24 10:38:33,570 basehttp 42132 32992 "GET /get-cart-count/ HTTP/1.1" 200 39
ERROR 2026-03-24 10:38:35,621 views 42132 32992 Error in AboutView: 'AboutUs' object is not iterable
INFO 2026-03-24 10:38:35,625 basehttp 42132 32992 "GET /about/ HTTP/1.1" 200 8414
INFO 2026-03-24 10:38:35,761 basehttp 42132 32992 "GET /get-cart-count/ HTTP/1.1" 200 39
INFO 2026-03-24 10:38:36,765 basehttp 42132 32992 "GET /book-table/ HTTP/1.1" 200 10622
INFO 2026-03-24 10:38:37,504 basehttp 42132 32992 "GET /get-cart-count/ HTTP/1.1" 200 39
INFO 2026-03-24 10:38:41,875 basehttp 42132 32992 "GET /get-cart-count/ HTTP/1.1" 200 39
INFO 2026-03-24 10:38:46,886 basehttp 42132 32992 "GET /get-cart-count/ HTTP/1.1" 200 39
INFO 2026-03-24 10:38:52,632 basehttp 42132 32992 "GET /get-cart-count/ HTTP/1.1" 200 39
INFO 2026-03-24 10:38:57,630 basehttp 42132 32992 "GET /get-cart-count/ HTTP/1.1" 200 39
INFO 2026-03-24 10:39:02,635 basehttp 42132 32992 "GET /get-cart-count/ HTTP/1.1" 200 39
INFO 2026-03-24 10:39:07,632 basehttp 42132 32992 "GET /get-cart-count/ HTTP/1.1" 200 39
WARNING 2026-03-24 10:39:10,350 views 42132 32992 BookTable form validation failed: <ul class="errorlist"><li>name<ul class="errorlist"><li>This field is required.</li></ul></li><li>email<ul class="errorlist"><li>This field is required.</li></ul></li><li>total_persons<ul class="errorlist"><li>This field is required.</li></ul></li><li>booking_date<ul class="errorlist"><li>This field is required.</li></ul></li><li>booking_time<ul class="errorlist"><li>This field is required.</li></ul></li></ul>
INFO 2026-03-24 10:39:10,356 basehttp 42132 32992 "POST /book-table/ HTTP/1.1" 200 10922
INFO 2026-03-24 10:39:10,596 basehttp 42132 32992 "GET /get-cart-count/ HTTP/1.1" 200 39
INFO 2026-03-24 10:39:15,634 basehttp 42132 32992 "GET /get-cart-count/ HTTP/1.1" 200 39
INFO 2026-03-24 10:39:20,639 basehttp 42132 32992 "GET /get-cart-count/ HTTP/1.1" 200 39
INFO 2026-03-24 10:39:25,629 basehttp 42132 32992 "GET /get-cart-count/ HTTP/1.1" 200 39
INFO 2026-03-24 10:39:30,636 basehttp 42132 32992 "GET /get-cart-count/ HTTP/1.1" 200 39
INFO 2026-03-24 10:39:35,630 basehttp 42132 32992 "GET /get-cart-count/ HTTP/1.1" 200 39
INFO 2026-03-24 10:39:40,628 basehttp 42132 32992 "GET /get-cart-count/ HTTP/1.1" 200 39
INFO 2026-03-24 10:39:45,638 basehttp 42132 32992 "GET /get-cart-count/ HTTP/1.1" 200 39
INFO 2026-03-24 10:39:50,637 basehttp 42132 32992 "GET /get-cart-count/ HTTP/1.1" 200 39
INFO 2026-03-24 10:39:55,626 basehttp 42132 32992 "GET /get-cart-count/ HTTP/1.1" 200 39
INFO 2026-03-24 10:40:00,638 basehttp 42132 32992 "GET /get-cart-count/ HTTP/1.1" 200 39
INFO 2026-03-24 10:40:05,632 basehttp 42132 32992 "GET /get-cart-count/ HTTP/1.1" 200 39
INFO 2026-03-24 10:40:10,630 basehttp 42132 32992 "GET /get-cart-count/ HTTP/1.1" 200 39
INFO 2026-03-24 10:40:27,635 basehttp 42132 32992 "GET /get-cart-count/ HTTP/1.1" 200 39
INFO 2026-03-24 10:41:27,637 basehttp 42132 32992 "GET /get-cart-count/ HTTP/1.1" 200 39
INFO 2026-03-24 10:42:27,641 basehttp 42132 32992 "GET /get-cart-count/ HTTP/1.1" 200 39
INFO 2026-03-24 10:43:27,644 basehttp 42132 32992 "GET /get-cart-count/ HTTP/1.1" 200 39
INFO 2026-03-24 10:44:27,634 basehttp 42132 32992 "GET /get-cart-count/ HTTP/1.1" 200 39
INFO 2026-03-24 10:45:27,646 basehttp 42132 32992 "GET /get-cart-count/ HTTP/1.1" 200 39
INFO 2026-03-24 10:46:27,644 basehttp 42132 32992 "GET /get-cart-count/ HTTP/1.1" 200 39
INFO 2026-03-24 10:47:27,638 basehttp 42132 32992 "GET /get-cart-count/ HTTP/1.1" 200 39
INFO 2026-03-24 10:48:27,636 basehttp 42132 32992 "GET /get-cart-count/ HTTP/1.1" 200 39
INFO 2026-03-24 10:49:27,640 basehttp 42132 32992 "GET /get-cart-count/ HTTP/1.1" 200 39
INFO 2026-03-24 10:50:27,640 basehttp 42132 32992 "GET /get-cart-count/ HTTP/1.1" 200 39
INFO 2026-03-24 10:51:27,643 basehttp 42132 32992 "GET /get-cart-count/ HTTP/1.1" 200 39
INFO 2026-03-24 10:52:27,641 basehttp 42132 32992 "GET /get-cart-count/ HTTP/1.1" 200 39
INFO 2026-03-24 10:53:27,647 basehttp 42132 32992 "GET /get-cart-count/ HTTP/1.1" 200 39
INFO 2026-03-24 10:54:27,633 basehttp 42132 32992 "GET /get-cart-count/ HTTP/1.1" 200 39
INFO 2026-03-24 10:55:27,632 basehttp 42132 32992 "GET /get-cart-count/ HTTP/1.1" 200 39
INFO 2026-03-24 10:56:27,643 basehttp 42132 32992 "GET /get-cart-count/ HTTP/1.1" 200 39
INFO 2026-03-24 19:23:28,450 autoreload 27060 35856 Watching for file changes with StatReloader
INFO 2026-03-24 19:23:33,032 basehttp 27060 7420 "GET / HTTP/1.1" 200 18800
INFO 2026-03-24 19:23:34,565 basehttp 27060 7420 "GET /get-cart-count/ HTTP/1.1" 200 39
INFO 2026-03-24 19:23:37,275 basehttp 27060 7420 "GET /cart/ HTTP/1.1" 200 19377
INFO 2026-03-24 19:23:38,248 basehttp 27060 7420 "GET /get-cart-count/ HTTP/1.1" 200 39
INFO 2026-03-24 19:23:39,572 basehttp 27060 7420 "GET /login/ HTTP/1.1" 200 20906
INFO 2026-03-24 19:23:39,861 basehttp 27060 7420 "GET /get-cart-count/ HTTP/1.1" 200 39
INFO 2026-03-24 19:23:44,726 basehttp 27060 7420 "GET /get-cart-count/ HTTP/1.1" 200 39
INFO 2026-03-24 19:23:49,763 basehttp 27060 7420 "GET /get-cart-count/ HTTP/1.1" 200 39
INFO 2026-03-24 19:23:54,751 basehttp 27060 7420 "GET /get-cart-count/ HTTP/1.1" 200 39
INFO 2026-03-24 19:23:59,754 basehttp 27060 7420 "GET /get-cart-count/ HTTP/1.1" 200 39
INFO 2026-03-24 19:24:04,743 basehttp 27060 7420 "GET /get-cart-count/ HTTP/1.1" 200 39
INFO 2026-03-24 19:24:09,749 basehttp 27060 7420 "GET /get-cart-count/ HTTP/1.1" 200 39
INFO 2026-03-24 19:24:14,750 basehttp 27060 7420 "GET /get-cart-count/ HTTP/1.1" 200 39
INFO 2026-03-24 19:24:19,734 basehttp 27060 7420 "GET /get-cart-count/ HTTP/1.1" 200 39
INFO 2026-03-24 19:24:24,759 basehttp 27060 7420 "GET /get-cart-count/ HTTP/1.1" 200 39
INFO 2026-03-24 19:24:27,927 basehttp 27060 7420 "GET /get-cart-count/ HTTP/1.1" 200 39
INFO 2026-03-24 19:24:29,760 basehttp 27060 7420 "GET /get-cart-count/ HTTP/1.1" 200 39
INFO 2026-03-24 19:24:30,753 basehttp 27060 7420 "GET /get-cart-count/ HTTP/1.1" 200 39
INFO 2026-03-24 19:24:34,755 basehttp 27060 7420 "GET /get-cart-count/ HTTP/1.1" 200 39
INFO 2026-03-24 19:24:35,622 basehttp 27060 7420 "GET /get-cart-count/ HTTP/1.1" 200 39
INFO 2026-03-24 19:24:39,753 basehttp 27060 7420 "GET /get-cart-count/ HTTP/1.1" 200 39
INFO 2026-03-24 19:24:40,609 basehttp 27060 7420 "GET /get-cart-count/ HTTP/1.1" 200 39
INFO 2026-03-24 19:24:44,759 basehttp 27060 7420 "GET /get-cart-count/ HTTP/1.1" 200 39
INFO 2026-03-24 19:24:45,758 basehttp 27060 7420 "GET /get-cart-count/ HTTP/1.1" 200 39
INFO 2026-03-24 19:24:49,761 basehttp 27060 7420 "GET /get-cart-count/ HTTP/1.1" 200 39
INFO 2026-03-24 19:24:50,748 basehttp 27060 7420 "GET /get-cart-count/ HTTP/1.1" 200 39
INFO 2026-03-24 19:24:54,752 basehttp 27060 7420 "GET /get-cart-count/ HTTP/1.1" 200 39
INFO 2026-03-24 19:24:55,753 basehttp 27060 7420 "GET /get-cart-count/ HTTP/1.1" 200 39
INFO 2026-03-24 19:25:00,252 basehttp 27060 3624 "GET /get-cart-count/ HTTP/1.1" 200 39
INFO 2026-03-24 19:25:00,755 basehttp 27060 3624 "GET /get-cart-count/ HTTP/1.1" 200 39
INFO 2026-03-24 19:25:04,754 basehttp 27060 1848 "GET /get-cart-count/ HTTP/1.1" 200 39
INFO 2026-03-24 19:25:05,784 basehttp 27060 1848 "GET /get-cart-count/ HTTP/1.1" 200 39
INFO 2026-03-24 19:25:09,755 basehttp 27060 1848 "GET /get-cart-count/ HTTP/1.1" 200 39
INFO 2026-03-24 19:25:10,751 basehttp 27060 1848 "GET /get-cart-count/ HTTP/1.1" 200 39
INFO 2026-03-24 19:25:14,755 basehttp 27060 1848 "GET /get-cart-count/ HTTP/1.1" 200 39
INFO 2026-03-24 19:25:15,751 basehttp 27060 1848 "GET /get-cart-count/ HTTP/1.1" 200 39
INFO 2026-03-24 19:25:19,752 basehttp 27060 1848 "GET /get-cart-count/ HTTP/1.1" 200 39
INFO 2026-03-24 19:25:20,753 basehttp 27060 1848 "GET /get-cart-count/ HTTP/1.1" 200 39
INFO 2026-03-24 19:25:25,761 basehttp 27060 1848 "GET /get-cart-count/ HTTP/1.1" 200 39
INFO 2026-03-24 19:25:30,755 basehttp 27060 1848 "GET /get-cart-count/ HTTP/1.1" 200 39
INFO 2026-03-24 19:25:35,753 basehttp 27060 1848 "GET /get-cart-count/ HTTP/1.1" 200 39
INFO 2026-03-24 19:25:40,751 basehttp 27060 1848 "GET /get-cart-count/ HTTP/1.1" 200 39
INFO 2026-03-24 19:26:22,757 basehttp 27060 1848 "GET /get-cart-count/ HTTP/1.1" 200 39
INFO 2026-03-24 19:26:22,773 basehttp 27060 1848 "GET /get-cart-count/ HTTP/1.1" 200 39
INFO 2026-03-24 19:27:22,749 basehttp 27060 1848 "GET /get-cart-count/ HTTP/1.1" 200 39
INFO 2026-03-24 19:27:22,831 basehttp 27060 1848 "GET /get-cart-count/ HTTP/1.1" 200 39
INFO 2026-03-24 19:28:22,753 basehttp 27060 9468 "GET /get-cart-count/ HTTP/1.1" 200 39
INFO 2026-03-24 19:28:22,777 basehttp 27060 9468 "GET /get-cart-count/ HTTP/1.1" 200 39
INFO 2026-03-24 19:29:22,777 basehttp 27060 9468 "GET /get-cart-count/ HTTP/1.1" 200 39
INFO 2026-03-25 10:25:53,607 autoreload 43388 8184 Watching for file changes with StatReloader
INFO 2026-03-25 10:26:20,201 basehttp 43388 40576 "GET / HTTP/1.1" 200 18800
INFO 2026-03-25 10:26:22,222 basehttp 43388 40576 "GET /get-cart-count/ HTTP/1.1" 200 39
INFO 2026-03-25 10:26:24,240 basehttp 43388 40576 "GET /menu/ HTTP/1.1" 200 28560
INFO 2026-03-25 10:26:26,073 basehttp 43388 40576 "GET /get-cart-count/ HTTP/1.1" 200 39
ERROR 2026-03-25 10:26:27,617 views 43388 40576 Error adding to cart: name 'CartItem' is not defined
ERROR 2026-03-25 10:26:27,617 log 43388 40576 Internal Server Error: /add-to-cart/1/
ERROR 2026-03-25 10:26:27,619 basehttp 43388 40576 "POST /add-to-cart/1/ HTTP/1.1" 500 53
INFO 2026-03-25 10:26:29,994 basehttp 43388 40576 "GET /get-cart-count/ HTTP/1.1" 200 39
INFO 2026-03-25 10:26:31,490 basehttp 43388 40576 "GET /cart/ HTTP/1.1" 200 19377
INFO 2026-03-25 10:26:32,873 basehttp 43388 40576 "GET /get-cart-count/ HTTP/1.1" 200 39
INFO 2026-03-25 10:26:36,659 basehttp 43388 40576 "GET /get-cart-count/ HTTP/1.1" 200 39
INFO 2026-03-25 10:26:41,687 basehttp 43388 40576 "GET /get-cart-count/ HTTP/1.1" 200 39
INFO 2026-03-25 10:26:42,579 basehttp 43388 40576 "GET /checkout/ HTTP/1.1" 200 16764
INFO 2026-03-25 10:26:43,140 basehttp 43388 40576 "GET /get-cart-count/ HTTP/1.1" 200 39
INFO 2026-03-25 10:26:47,733 basehttp 43388 40576 "GET /get-cart-count/ HTTP/1.1" 200 39
INFO 2026-03-25 10:26:52,733 basehttp 43388 40576 "GET /get-cart-count/ HTTP/1.1" 200 39
INFO 2026-03-25 10:26:57,726 basehttp 43388 40576 "GET /get-cart-count/ HTTP/1.1" 200 39
ERROR 2026-03-25 10:26:58,264 views 43388 40576 Error in AboutView: 'AboutUs' object is not iterable
INFO 2026-03-25 10:26:58,270 basehttp 43388 40576 "GET /about/ HTTP/1.1" 200 8414
INFO 2026-03-25 10:26:58,480 basehttp 43388 40576 "GET /get-cart-count/ HTTP/1.1" 200 39
INFO 2026-03-25 10:26:59,919 basehttp 43388 40576 "GET /feedback/ HTTP/1.1" 200 16040
WARNING 2026-03-25 10:26:59,962 basehttp 43388 40576 "GET /static/images/default-user.png HTTP/1.1" 404 1828
WARNING 2026-03-25 10:26:59,994 basehttp 43388 44552 "GET /static/images/default-user.png HTTP/1.1" 404 1828
INFO 2026-03-25 10:27:00,184 basehttp 43388 31208 "GET /get-cart-count/ HTTP/1.1" 200 39
INFO 2026-03-25 10:27:05,128 basehttp 43388 31208 "GET /get-cart-count/ HTTP/1.1" 200 39
INFO 2026-03-25 10:27:10,841 basehttp 43388 31208 "GET /get-cart-count/ HTTP/1.1" 200 39
INFO 2026-03-25 10:27:15,846 basehttp 43388 31208 "GET /get-cart-count/ HTTP/1.1" 200 39
INFO 2026-03-25 10:27:20,840 basehttp 43388 31208 "GET /get-cart-count/ HTTP/1.1" 200 39
INFO 2026-03-25 10:27:25,843 basehttp 43388 31208 "GET /get-cart-count/ HTTP/1.1" 200 39
INFO 2026-03-25 10:27:30,840 basehttp 43388 31208 "GET /get-cart-count/ HTTP/1.1" 200 39
INFO 2026-03-25 10:27:35,852 basehttp 43388 31208 "GET /get-cart-count/ HTTP/1.1" 200 39
INFO 2026-03-25 10:27:40,849 basehttp 43388 31208 "GET /get-cart-count/ HTTP/1.1" 200 39
INFO 2026-03-25 10:27:45,848 basehttp 43388 31208 "GET /get-cart-count/ HTTP/1.1" 200 39
INFO 2026-03-25 10:27:50,849 basehttp 43388 31208 "GET /get-cart-count/ HTTP/1.1" 200 39
INFO 2026-03-25 10:27:55,837 basehttp 43388 31208 "GET /get-cart-count/ HTTP/1.1" 200 39
INFO 2026-03-25 10:28:00,846 basehttp 43388 31208 "GET /get-cart-count/ HTTP/1.1" 200 39
INFO 2026-03-25 10:28:19,845 basehttp 43388 31208 "GET /get-cart-count/ HTTP/1.1" 200 39
INFO 2026-03-25 10:29:19,857 basehttp 43388 33364 "GET /get-cart-count/ HTTP/1.1" 200 39
INFO 2026-03-25 10:30:32,664 basehttp 43388 1896 "GET /get-cart-count/ HTTP/1.1" 200 39
INFO 2026-03-25 10:31:19,840 basehttp 43388 1896 "GET /get-cart-count/ HTTP/1.1" 200 39
INFO 2026-03-25 10:32:19,849 basehttp 43388 1896 "GET /get-cart-count/ HTTP/1.1" 200 39
INFO 2026-03-25 10:33:19,861 basehttp 43388 1896 "GET /get-cart-count/ HTTP/1.1" 200 39
INFO 2026-03-25 10:34:19,855 basehttp 43388 1896 "GET /get-cart-count/ HTTP/1.1" 200 39
INFO 2026-03-25 10:35:19,853 basehttp 43388 1896 "GET /get-cart-count/ HTTP/1.1" 200 39
INFO 2026-03-25 10:36:19,842 basehttp 43388 1896 "GET /get-cart-count/ HTTP/1.1" 200 39
INFO 2026-03-25 10:37:19,846 basehttp 43388 1896 "GET /get-cart-count/ HTTP/1.1" 200 39
INFO 2026-03-25 10:38:19,854 basehttp 43388 1896 "GET /get-cart-count/ HTTP/1.1" 200 39
INFO 2026-03-25 10:39:19,889 basehttp 43388 1896 "GET /get-cart-count/ HTTP/1.1" 200 39
INFO 2026-03-25 10:40:19,851 basehttp 43388 1896 "GET /get-cart-count/ HTTP/1.1" 200 39
INFO 2026-03-25 10:41:19,857 basehttp 43388 1896 "GET /get-cart-count/ HTTP/1.1" 200 39
INFO 2026-03-25 10:42:19,841 basehttp 43388 1896 "GET /get-cart-count/ HTTP/1.1" 200 39
INFO 2026-03-25 10:43:19,852 basehttp 43388 1896 "GET /get-cart-count/ HTTP/1.1" 200 39
INFO 2026-03-25 10:44:19,903 basehttp 43388 1896 "GET /get-cart-count/ HTTP/1.1" 200 39
INFO 2026-03-25 10:45:19,845 basehttp 43388 1896 "GET /get-cart-count/ HTTP/1.1" 200 39
INFO 2026-03-25 10:46:19,856 basehttp 43388 1896 "GET /get-cart-count/ HTTP/1.1" 200 39
INFO 2026-03-25 10:47:19,849 basehttp 43388 1896 "GET /get-cart-count/ HTTP/1.1" 200 39
INFO 2026-03-25 10:48:19,852 basehttp 43388 1896 "GET /get-cart-count/ HTTP/1.1" 200 39
INFO 2026-03-25 10:53:30,751 basehttp 43388 34864 "GET /get-cart-count/ HTTP/1.1" 200 39
INFO 2026-03-25 10:56:05,917 basehttp 43388 5360 "GET /get-cart-count/ HTTP/1.1" 200 39
INFO 2026-03-25 11:23:58,097 basehttp 43388 8172 "GET /get-cart-count/ HTTP/1.1" 200 39
INFO 2026-03-25 11:24:00,842 basehttp 43388 8172 "GET /get-cart-count/ HTTP/1.1" 200 39
INFO 2026-03-25 11:24:05,850 basehttp 43388 8172 "GET /get-cart-count/ HTTP/1.1" 200 39
INFO 2026-03-25 11:24:10,850 basehttp 43388 8172 "GET /get-cart-count/ HTTP/1.1" 200 39
INFO 2026-03-25 11:24:15,844 basehttp 43388 8172 "GET /get-cart-count/ HTTP/1.1" 200 39
INFO 2026-03-25 11:24:20,848 basehttp 43388 8172 "GET /get-cart-count/ HTTP/1.1" 200 39
INFO 2026-03-25 11:24:25,839 basehttp 43388 8172 "GET /get-cart-count/ HTTP/1.1" 200 39
INFO 2026-03-25 11:24:30,844 basehttp 43388 8172 "GET /get-cart-count/ HTTP/1.1" 200 39
INFO 2026-03-25 11:24:35,846 basehttp 43388 8172 "GET /get-cart-count/ HTTP/1.1" 200 39
INFO 2026-03-25 11:24:40,843 basehttp 43388 8172 "GET /get-cart-count/ HTTP/1.1" 200 39
INFO 2026-03-25 11:24:45,844 basehttp 43388 8172 "GET /get-cart-count/ HTTP/1.1" 200 39
INFO 2026-03-25 11:24:50,850 basehttp 43388 8172 "GET /get-cart-count/ HTTP/1.1" 200 39
INFO 2026-03-25 11:24:55,852 basehttp 43388 8172 "GET /get-cart-count/ HTTP/1.1" 200 39
INFO 2026-03-25 11:25:19,892 basehttp 43388 8172 "GET /get-cart-count/ HTTP/1.1" 200 39
INFO 2026-03-25 11:26:19,906 basehttp 43388 8172 "GET /get-cart-count/ HTTP/1.1" 200 39
INFO 2026-03-25 11:27:19,876 basehttp 43388 8172 "GET /get-cart-count/ HTTP/1.1" 200 39
INFO 2026-03-25 11:28:18,466 basehttp 43388 8172 "GET /get-cart-count/ HTTP/1.1" 200 39
INFO 2026-03-28 11:20:33,975 autoreload 21952 29812 Watching for file changes with StatReloader
INFO 2026-03-28 11:20:37,649 basehttp 21952 27548 "GET / HTTP/1.1" 200 18800
INFO 2026-03-28 11:20:41,552 basehttp 21952 27548 "GET /get-cart-count/ HTTP/1.1" 200 39
INFO 2026-03-28 11:20:43,801 basehttp 21952 27548 "GET /get-cart-count/ HTTP/1.1" 200 39
INFO 2026-03-28 11:20:43,949 basehttp 21952 27548 "GET /menu/ HTTP/1.1" 200 28560
INFO 2026-03-28 11:20:45,818 basehttp 21952 27548 "GET /get-cart-count/ HTTP/1.1" 200 39
INFO 2026-03-28 11:20:50,739 basehttp 21952 27548 "GET /get-cart-count/ HTTP/1.1" 200 39
ERROR 2026-03-28 11:20:55,451 views 21952 27548 Error in AboutView: 'AboutUs' object is not iterable
INFO 2026-03-28 11:20:55,462 basehttp 21952 27548 "GET /about/ HTTP/1.1" 200 8414
INFO 2026-03-28 11:20:55,667 basehttp 21952 27548 "GET /get-cart-count/ HTTP/1.1" 200 39
INFO 2026-03-28 11:20:57,290 basehttp 21952 27548 "GET /book-table/ HTTP/1.1" 200 10622
INFO 2026-03-28 11:20:58,266 basehttp 21952 27548 "GET /get-cart-count/ HTTP/1.1" 200 39
INFO 2026-03-28 11:20:58,346 basehttp 21952 27548 "GET /feedback/ HTTP/1.1" 200 15870
WARNING 2026-03-28 11:20:58,389 basehttp 21952 27548 "GET /static/images/default-user.png HTTP/1.1" 404 1828
WARNING 2026-03-28 11:20:58,422 basehttp 21952 12320 "GET /static/images/default-user.png HTTP/1.1" 404 1828
INFO 2026-03-28 11:20:58,577 basehttp 21952 6552 "GET /get-cart-count/ HTTP/1.1" 200 39
INFO 2026-03-28 11:21:03,865 basehttp 21952 6552 "GET /get-cart-count/ HTTP/1.1" 200 39
INFO 2026-03-29 18:00:23,903 autoreload 27116 17204 Watching for file changes with StatReloader
INFO 2026-03-29 18:00:33,529 autoreload 27116 17204 C:\Users\venka\OneDrive\Pictures\Saved Pictures\11-06-25\restaurant\Resturant_Project\Base_App\views.py changed, reloading.
INFO 2026-03-29 18:00:34,404 autoreload 35728 12724 Watching for file changes with StatReloader
INFO 2026-03-29 18:01:31,666 autoreload 35728 12724 C:\Users\venka\OneDrive\Pictures\Saved Pictures\11-06-25\restaurant\Resturant_Project\Base_App\views.py changed, reloading.
INFO 2026-03-29 18:01:32,676 autoreload 2944 29512 Watching for file changes with StatReloader
INFO 2026-03-29 18:13:20,077 autoreload 2944 29512 C:\Users\venka\OneDrive\Pictures\Saved Pictures\11-06-25\restaurant\Resturant_Project\Base_App\models.py changed, reloading.
INFO 2026-03-29 18:13:21,067 autoreload 20940 35724 Watching for file changes with StatReloader
INFO 2026-03-29 18:13:25,597 autoreload 20940 35724 C:\Users\venka\OneDrive\Pictures\Saved Pictures\11-06-25\restaurant\Resturant_Project\Base_App\models.py changed, reloading.
INFO 2026-03-29 18:13:26,464 autoreload 27820 5496 Watching for file changes with StatReloader
INFO 2026-03-29 18:13:39,053 autoreload 27820 5496 C:\Users\venka\OneDrive\Pictures\Saved Pictures\11-06-25\restaurant\Resturant_Project\Base_App\models.py changed, reloading.
INFO 2026-03-29 18:13:40,102 autoreload 27748 20172 Watching for file changes with StatReloader
INFO 2026-03-29 18:13:45,649 autoreload 27748 20172 C:\Users\venka\OneDrive\Pictures\Saved Pictures\11-06-25\restaurant\Resturant_Project\Base_App\models.py changed, reloading.
INFO 2026-03-29 18:13:46,556 autoreload 6496 41128 Watching for file changes with StatReloader
INFO 2026-03-29 18:13:54,050 autoreload 6496 41128 C:\Users\venka\OneDrive\Pictures\Saved Pictures\11-06-25\restaurant\Resturant_Project\Base_App\models.py changed, reloading.
INFO 2026-03-29 18:13:55,035 autoreload 36516 28320 Watching for file changes with StatReloader
INFO 2026-03-29 18:13:57,440 autoreload 36516 28320 C:\Users\venka\OneDrive\Pictures\Saved Pictures\11-06-25\restaurant\Resturant_Project\Base_App\models.py changed, reloading.
INFO 2026-03-29 18:13:58,375 autoreload 22832 21980 Watching for file changes with StatReloader
INFO 2026-03-29 18:14:22,209 autoreload 22832 21980 C:\Users\venka\OneDrive\Pictures\Saved Pictures\11-06-25\restaurant\Resturant_Project\Base_App\models.py changed, reloading.
INFO 2026-03-29 18:14:23,168 autoreload 19612 25944 Watching for file changes with StatReloader
INFO 2026-03-29 18:14:24,644 autoreload 19612 25944 C:\Users\venka\OneDrive\Pictures\Saved Pictures\11-06-25\restaurant\Resturant_Project\Base_App\models.py changed, reloading.
INFO 2026-03-29 18:14:25,617 autoreload 6084 40052 Watching for file changes with StatReloader
INFO 2026-03-29 18:14:41,340 autoreload 6084 40052 C:\Users\venka\OneDrive\Pictures\Saved Pictures\11-06-25\restaurant\Resturant_Project\Base_App\views.py changed, reloading.
INFO 2026-03-29 18:14:42,229 autoreload 32028 31992 Watching for file changes with StatReloader
INFO 2026-03-29 18:14:45,251 autoreload 32028 31992 C:\Users\venka\OneDrive\Pictures\Saved Pictures\11-06-25\restaurant\Resturant_Project\Base_App\views.py changed, reloading.
INFO 2026-03-29 18:14:46,163 autoreload 21288 37560 Watching for file changes with StatReloader
INFO 2026-03-29 18:14:52,114 autoreload 21288 37560 C:\Users\venka\OneDrive\Pictures\Saved Pictures\11-06-25\restaurant\Resturant_Project\Base_App\views.py changed, reloading.
INFO 2026-03-29 18:14:53,058 autoreload 14348 24600 Watching for file changes with StatReloader
INFO 2026-03-29 18:15:18,400 autoreload 14348 24600 C:\Users\venka\OneDrive\Pictures\Saved Pictures\11-06-25\restaurant\Resturant_Project\Base_App\forms.py changed, reloading.
INFO 2026-03-29 18:15:19,406 autoreload 21848 11192 Watching for file changes with StatReloader
INFO 2026-03-29 18:15:42,856 autoreload 21848 11192 C:\Users\venka\OneDrive\Pictures\Saved Pictures\11-06-25\restaurant\Resturant_Project\Resturant_Project\urls.py changed, reloading.
INFO 2026-03-29 18:15:43,882 autoreload 20304 26672 Watching for file changes with StatReloader
INFO 2026-03-29 18:29:27,062 autoreload 32864 18980 Watching for file changes with StatReloader
INFO 2026-03-29 18:35:36,238 autoreload 32864 18980 C:\Users\venka\OneDrive\Pictures\Saved Pictures\11-06-25\restaurant\Resturant_Project\Resturant_Project\urls.py changed, reloading.
INFO 2026-03-29 18:35:37,312 autoreload 22960 16952 Watching for file changes with StatReloader
INFO 2026-03-29 18:36:03,264 autoreload 22960 16952 C:\Users\venka\OneDrive\Pictures\Saved Pictures\11-06-25\restaurant\Resturant_Project\Base_App\views.py changed, reloading.
INFO 2026-03-29 18:36:04,257 autoreload 34904 36132 Watching for file changes with StatReloader
INFO 2026-03-29 18:36:46,488 autoreload 34904 36132 C:\Users\venka\OneDrive\Pictures\Saved Pictures\11-06-25\restaurant\Resturant_Project\Resturant_Project\settings.py changed, reloading.
INFO 2026-03-29 18:56:53,066 autoreload 18120 31316 Watching for file changes with StatReloader
INFO 2026-03-29 18:59:35,253 autoreload 18120 31316 C:\Users\venka\OneDrive\Pictures\Saved Pictures\11-06-25\restaurant\Resturant_Project\Resturant_Project\settings.py changed, reloading.
INFO 2026-03-29 18:59:36,286 autoreload 14104 15540 Watching for file changes with StatReloader
INFO 2026-03-29 18:59:41,540 basehttp 14104 41492 "GET / HTTP/1.1" 200 18800
INFO 2026-03-29 18:59:43,164 basehttp 14104 41492 "GET /get-cart-count/ HTTP/1.1" 200 39
INFO 2026-03-29 18:59:47,174 basehttp 14104 41492 "GET /get-cart-count/ HTTP/1.1" 200 39
INFO 2026-03-29 18:59:48,049 basehttp 14104 41492 "GET /menu/ HTTP/1.1" 200 28560
INFO 2026-03-29 18:59:49,902 basehttp 14104 41492 "GET /get-cart-count/ HTTP/1.1" 200 39
ERROR 2026-03-29 18:59:51,443 views 14104 41492 Error in AboutView: 'AboutUs' object is not iterable
INFO 2026-03-29 18:59:51,446 basehttp 14104 41492 "GET /about/ HTTP/1.1" 200 8414
INFO 2026-03-29 18:59:51,631 basehttp 14104 41492 "GET /get-cart-count/ HTTP/1.1" 200 39
INFO 2026-03-29 18:59:52,714 basehttp 14104 41492 "GET /book-table/ HTTP/1.1" 200 10622
INFO 2026-03-29 18:59:53,525 basehttp 14104 41492 "GET /get-cart-count/ HTTP/1.1" 200 39
INFO 2026-03-29 18:59:58,551 basehttp 14104 41492 "GET /get-cart-count/ HTTP/1.1" 200 39
INFO 2026-03-29 19:00:03,546 basehttp 14104 41492 "GET /get-cart-count/ HTTP/1.1" 200 39
INFO 2026-03-29 19:16:39,045 basehttp 14104 3116 "GET /get-cart-count/ HTTP/1.1" 200 39
INFO 2026-03-29 20:20:28,682 basehttp 14104 12300 "GET /get-cart-count/ HTTP/1.1" 200 39
INFO 2026-04-02 09:11:09,616 autoreload 42196 14252 Watching for file changes with StatReloader
INFO 2026-04-02 09:13:05,041 autoreload 42196 14252 C:\Users\venka\OneDrive\Pictures\Saved Pictures\11-06-25\restaurant\Resturant_Project\Resturant_Project\urls.py changed, reloading.
INFO 2026-04-02 09:13:06,366 autoreload 24204 16552 Watching for file changes with StatReloader
INFO 2026-04-02 09:13:16,273 autoreload 32696 13168 Watching for file changes with StatReloader
INFO 2026-04-02 09:13:21,717 basehttp 32696 10144 "GET / HTTP/1.1" 200 18800
INFO 2026-04-02 09:13:24,556 basehttp 32696 10144 "GET /get-cart-count/ HTTP/1.1" 200 39
INFO 2026-04-02 09:13:27,427 basehttp 32696 10144 "GET /get-cart-count/ HTTP/1.1" 200 39
INFO 2026-04-02 09:13:28,815 basehttp 32696 10144 "GET /menu/ HTTP/1.1" 200 28560
INFO 2026-04-02 09:13:30,905 basehttp 32696 10144 "GET /get-cart-count/ HTTP/1.1" 200 39
INFO 2026-04-02 09:13:35,103 basehttp 32696 10144 "GET /get-cart-count/ HTTP/1.1" 200 39
ERROR 2026-04-02 09:13:36,970 views 32696 10144 Error in AboutView: 'AboutUs' object is not iterable
INFO 2026-04-02 09:13:36,977 basehttp 32696 10144 "GET /about/ HTTP/1.1" 200 8414
INFO 2026-04-02 09:13:37,161 basehttp 32696 10144 "GET /get-cart-count/ HTTP/1.1" 200 39
INFO 2026-04-02 09:13:38,660 basehttp 32696 10144 "GET /book-table/ HTTP/1.1" 200 10622
INFO 2026-04-02 09:13:39,611 basehttp 32696 10144 "GET /get-cart-count/ HTTP/1.1" 200 39
INFO 2026-04-02 09:13:43,852 basehttp 32696 10144 "GET /get-cart-count/ HTTP/1.1" 200 39
INFO 2026-04-02 09:13:48,845 basehttp 32696 10144 "GET /get-cart-count/ HTTP/1.1" 200 39
INFO 2026-04-02 09:13:53,854 basehttp 32696 10144 "GET /get-cart-count/ HTTP/1.1" 200 39
INFO 2026-04-02 09:16:04,167 autoreload 37492 40484 Watching for file changes with StatReloader
INFO 2026-04-02 09:16:09,487 basehttp 37492 8368 "GET / HTTP/1.1" 200 18800
INFO 2026-04-02 09:16:10,994 basehttp 37492 8368 "GET /get-cart-count/ HTTP/1.1" 200 39
INFO 2026-04-02 09:16:12,173 basehttp 37492 8368 "GET /menu/ HTTP/1.1" 200 28560
INFO 2026-04-02 09:16:13,326 basehttp 37492 8368 "GET /get-cart-count/ HTTP/1.1" 200 39
ERROR 2026-04-02 09:16:15,715 views 37492 8368 Error in AboutView: 'AboutUs' object is not iterable
INFO 2026-04-02 09:16:15,720 basehttp 37492 8368 "GET /about/ HTTP/1.1" 200 8414
INFO 2026-04-02 09:16:15,926 basehttp 37492 8368 "GET /get-cart-count/ HTTP/1.1" 200 39
INFO 2026-04-02 09:16:17,072 basehttp 37492 8368 "GET /book-table/ HTTP/1.1" 200 10212
INFO 2026-04-02 09:16:17,938 basehttp 37492 8368 "GET /get-cart-count/ HTTP/1.1" 200 39
INFO 2026-04-02 09:16:22,211 basehttp 37492 8368 "GET /get-cart-count/ HTTP/1.1" 200 39
INFO 2026-04-02 09:16:27,218 basehttp 37492 8368 "GET /get-cart-count/ HTTP/1.1" 200 39
INFO 2026-04-02 09:16:32,212 basehttp 37492 8368 "GET /get-cart-count/ HTTP/1.1" 200 39
INFO 2026-04-02 09:16:37,223 basehttp 37492 8368 "GET /get-cart-count/ HTTP/1.1" 200 39
INFO 2026-04-02 09:16:39,402 basehttp 37492 8368 "GET /feedback/ HTTP/1.1" 200 15870
WARNING 2026-04-02 09:16:39,444 basehttp 37492 8368 "GET /static/images/default-user.png HTTP/1.1" 404 1929
WARNING 2026-04-02 09:16:39,522 basehttp 37492 29852 "GET /static/images/default-user.png HTTP/1.1" 404 1929
INFO 2026-04-02 09:16:39,698 basehttp 37492 16260 "GET /get-cart-count/ HTTP/1.1" 200 39
INFO 2026-04-02 09:16:44,643 basehttp 37492 16260 "GET /get-cart-count/ HTTP/1.1" 200 39
INFO 2026-04-02 09:16:45,725 basehttp 37492 16260 "GET /login/ HTTP/1.1" 200 20906
INFO 2026-04-02 09:16:46,052 basehttp 37492 16260 "GET /get-cart-count/ HTTP/1.1" 200 39
INFO 2026-04-02 09:16:50,927 basehttp 37492 16260 "GET /get-cart-count/ HTTP/1.1" 200 39
ERROR 2026-04-02 09:16:51,397 views 37492 16260 Error in AboutView: 'AboutUs' object is not iterable
INFO 2026-04-02 09:16:51,401 basehttp 37492 16260 "GET /about/ HTTP/1.1" 200 8414
INFO 2026-04-02 09:16:51,591 basehttp 37492 16260 "GET /get-cart-count/ HTTP/1.1" 200 39
INFO 2026-04-02 09:16:52,656 basehttp 37492 16260 "GET /book-table/ HTTP/1.1" 200 10212
INFO 2026-04-02 09:16:53,164 basehttp 37492 16260 "GET /get-cart-count/ HTTP/1.1" 200 39
INFO 2026-04-02 09:16:55,609 basehttp 37492 16260 "GET / HTTP/1.1" 200 18800
INFO 2026-04-02 09:16:55,910 basehttp 37492 16260 "GET /get-cart-count/ HTTP/1.1" 200 39
INFO 2026-04-02 09:17:01,480 basehttp 37492 16260 "GET /get-cart-count/ HTTP/1.1" 200 39
INFO 2026-04-02 09:17:06,491 basehttp 37492 16260 "GET /get-cart-count/ HTTP/1.1" 200 39
INFO 2026-04-02 09:17:11,497 basehttp 37492 16260 "GET /get-cart-count/ HTTP/1.1" 200 39
INFO 2026-04-02 09:17:16,477 basehttp 37492 16260 "GET /get-cart-count/ HTTP/1.1" 200 39
INFO 2026-04-02 09:17:21,488 basehttp 37492 16260 "GET /get-cart-count/ HTTP/1.1" 200 39
INFO 2026-04-02 09:17:26,487 basehttp 37492 16260 "GET /get-cart-count/ HTTP/1.1" 200 39
INFO 2026-04-02 09:17:31,486 basehttp 37492 16260 "GET /get-cart-count/ HTTP/1.1" 200 39
INFO 2026-04-02 09:17:36,488 basehttp 37492 16260 "GET /get-cart-count/ HTTP/1.1" 200 39
INFO 2026-04-02 09:17:41,480 basehttp 37492 16260 "GET /get-cart-count/ HTTP/1.1" 200 39
INFO 2026-04-02 09:17:46,490 basehttp 37492 16260 "GET /get-cart-count/ HTTP/1.1" 200 39
INFO 2026-04-02 09:17:51,483 basehttp 37492 16260 "GET /get-cart-count/ HTTP/1.1" 200 39
INFO 2026-04-02 09:17:55,769 basehttp 37492 16260 "GET /get-cart-count/ HTTP/1.1" 200 39
INFO 2026-04-02 09:17:57,431 basehttp 37492 16260 "GET /menu/ HTTP/1.1" 200 28560
INFO 2026-04-02 09:17:58,312 basehttp 37492 16260 "GET /get-cart-count/ HTTP/1.1" 200 39
INFO 2026-04-02 09:18:00,210 basehttp 37492 16260 "GET /book-table/ HTTP/1.1" 200 10064
INFO 2026-04-02 09:18:00,781 basehttp 37492 16260 "GET /get-cart-count/ HTTP/1.1" 200 39
INFO 2026-04-02 09:18:05,336 basehttp 37492 16260 "GET /get-cart-count/ HTTP/1.1" 200 39
INFO 2026-04-02 09:18:10,336 basehttp 37492 16260 "GET /get-cart-count/ HTTP/1.1" 200 39
INFO 2026-04-02 09:18:15,488 basehttp 37492 16260 "GET /get-cart-count/ HTTP/1.1" 200 39
INFO 2026-04-02 09:18:20,483 basehttp 37492 16260 "GET /get-cart-count/ HTTP/1.1" 200 39
INFO 2026-04-02 09:18:25,488 basehttp 37492 16260 "GET /get-cart-count/ HTTP/1.1" 200 39
INFO 2026-04-02 09:18:30,480 basehttp 37492 16260 "GET /get-cart-count/ HTTP/1.1" 200 39
INFO 2026-04-02 09:18:35,480 basehttp 37492 16260 "GET /get-cart-count/ HTTP/1.1" 200 39
INFO 2026-04-02 09:18:40,491 basehttp 37492 16260 "GET /get-cart-count/ HTTP/1.1" 200 39
INFO 2026-04-02 09:18:45,476 basehttp 37492 16260 "GET /get-cart-count/ HTTP/1.1" 200 39
INFO 2026-04-02 09:18:50,489 basehttp 37492 16260 "GET /get-cart-count/ HTTP/1.1" 200 39
INFO 2026-04-02 09:18:55,493 basehttp 37492 16260 "GET /get-cart-count/ HTTP/1.1" 200 39
INFO 2026-04-02 09:19:00,486 basehttp 37492 16260 "GET /get-cart-count/ HTTP/1.1" 200 39
INFO 2026-04-02 09:19:05,335 basehttp 37492 16260 "GET /get-cart-count/ HTTP/1.1" 200 39
INFO 2026-04-02 09:19:10,328 basehttp 37492 16260 "GET /get-cart-count/ HTTP/1.1" 200 39
INFO 2026-04-02 09:19:15,338 basehttp 37492 16260 "GET /get-cart-count/ HTTP/1.1" 200 39
INFO 2026-04-02 09:19:20,326 basehttp 37492 16260 "GET /get-cart-count/ HTTP/1.1" 200 39
INFO 2026-04-02 09:19:25,341 basehttp 37492 16260 "GET /get-cart-count/ HTTP/1.1" 200 39
INFO 2026-04-02 09:19:30,351 basehttp 37492 16260 "GET /get-cart-count/ HTTP/1.1" 200 39
INFO 2026-04-02 09:19:35,329 basehttp 37492 16260 "GET /get-cart-count/ HTTP/1.1" 200 39
INFO 2026-04-02 09:19:40,329 basehttp 37492 16260 "GET /get-cart-count/ HTTP/1.1" 200 39
INFO 2026-04-02 09:19:45,330 basehttp 37492 16260 "GET /get-cart-count/ HTTP/1.1" 200 39
INFO 2026-04-02 09:19:50,343 basehttp 37492 16260 "GET /get-cart-count/ HTTP/1.1" 200 39
WARNING 2026-04-02 09:19:53,341 views 37492 16260 BookTable form validation failed: <ul class="errorlist"><li>name<ul class="errorlist"><li>This field is required.</li></ul></li><li>email<ul class="errorlist"><li>This field is required.</li></ul></li><li>total_persons<ul class="errorlist"><li>This field is required.</li></ul></li><li>booking_date<ul class="errorlist"><li>This field is required.</li></ul></li><li>booking_time<ul class="errorlist"><li>This field is required.</li></ul></li></ul>
INFO 2026-04-02 09:19:53,351 basehttp 37492 16260 "POST /book-table/ HTTP/1.1" 200 10512
INFO 2026-04-02 09:19:53,910 basehttp 37492 16260 "GET /get-cart-count/ HTTP/1.1" 200 39
INFO 2026-04-02 09:19:58,493 basehttp 37492 16260 "GET /get-cart-count/ HTTP/1.1" 200 39
INFO 2026-04-02 09:20:03,507 basehttp 37492 16260 "GET /get-cart-count/ HTTP/1.1" 200 39
INFO 2026-04-02 09:20:08,494 basehttp 37492 16260 "GET /get-cart-count/ HTTP/1.1" 200 39
INFO 2026-04-02 09:20:13,490 basehttp 37492 16260 "GET /get-cart-count/ HTTP/1.1" 200 39
INFO 2026-04-02 09:20:19,490 basehttp 37492 16260 "GET /get-cart-count/ HTTP/1.1" 200 39
INFO 2026-04-02 09:20:24,474 basehttp 37492 16260 "GET /get-cart-count/ HTTP/1.1" 200 39
INFO 2026-04-02 09:20:29,478 basehttp 37492 16260 "GET /get-cart-count/ HTTP/1.1" 200 39
INFO 2026-04-02 09:20:34,480 basehttp 37492 16260 "GET /get-cart-count/ HTTP/1.1" 200 39
INFO 2026-04-02 09:20:39,487 basehttp 37492 16260 "GET /get-cart-count/ HTTP/1.1" 200 39
INFO 2026-04-02 09:20:44,485 basehttp 37492 16260 "GET /get-cart-count/ HTTP/1.1" 200 39
INFO 2026-04-02 09:20:49,486 basehttp 37492 16260 "GET /get-cart-count/ HTTP/1.1" 200 39
INFO 2026-04-02 09:20:54,486 basehttp 37492 16260 "GET /get-cart-count/ HTTP/1.1" 200 39
INFO 2026-04-02 09:20:59,484 basehttp 37492 16260 "GET /get-cart-count/ HTTP/1.1" 200 39
INFO 2026-04-02 09:21:04,476 basehttp 37492 16260 "GET /get-cart-count/ HTTP/1.1" 200 39
INFO 2026-04-02 09:21:09,483 basehttp 37492 16260 "GET /get-cart-count/ HTTP/1.1" 200 39
INFO 2026-04-02 09:21:14,477 basehttp 37492 16260 "GET /get-cart-count/ HTTP/1.1" 200 39
INFO 2026-04-02 09:21:36,481 basehttp 37492 16260 "GET /get-cart-count/ HTTP/1.1" 200 39
INFO 2026-04-02 09:22:36,491 basehttp 37492 24548 "GET /get-cart-count/ HTTP/1.1" 200 39
INFO 2026-04-02 09:23:36,537 basehttp 37492 45340 "GET /get-cart-count/ HTTP/1.1" 200 39
INFO 2026-04-02 09:23:51,948 autoreload 37492 40484 C:\Users\venka\OneDrive\Pictures\Saved Pictures\11-06-25\restaurant\Resturant_Project\Resturant_Project\settings.py changed, reloading.
INFO 2026-04-02 09:23:53,209 autoreload 2276 42940 Watching for file changes with StatReloader
INFO 2026-04-02 09:24:15,281 basehttp 2276 42892 "GET / HTTP/1.1" 200 18800
INFO 2026-04-02 09:24:16,747 basehttp 2276 42892 "GET /get-cart-count/ HTTP/1.1" 200 39
INFO 2026-04-02 09:24:19,418 basehttp 2276 42892 "GET /book-table/ HTTP/1.1" 200 10064
INFO 2026-04-02 09:24:19,939 basehttp 2276 42892 "GET /get-cart-count/ HTTP/1.1" 200 39
INFO 2026-04-02 09:24:24,525 basehttp 2276 42892 "GET /get-cart-count/ HTTP/1.1" 200 39
WARNING 2026-04-02 09:24:28,076 views 2276 42892 BookTable form validation failed: <ul class="errorlist"><li>name<ul class="errorlist"><li>This field is required.</li></ul></li><li>email<ul class="errorlist"><li>This field is required.</li></ul></li><li>total_persons<ul class="errorlist"><li>This field is required.</li></ul></li><li>booking_date<ul class="errorlist"><li>This field is required.</li></ul></li><li>booking_time<ul class="errorlist"><li>This field is required.</li></ul></li></ul>
INFO 2026-04-02 09:24:28,088 basehttp 2276 42892 "POST /book-table/ HTTP/1.1" 200 10512
INFO 2026-04-02 09:24:28,573 basehttp 2276 42892 "GET /get-cart-count/ HTTP/1.1" 200 39
INFO 2026-04-02 09:24:33,212 basehttp 2276 42892 "GET /get-cart-count/ HTTP/1.1" 200 39
INFO 2026-04-02 09:24:38,218 basehttp 2276 42892 "GET /get-cart-count/ HTTP/1.1" 200 39
INFO 2026-04-02 09:24:43,216 basehttp 2276 42892 "GET /get-cart-count/ HTTP/1.1" 200 39
INFO 2026-04-02 09:24:48,481 basehttp 2276 42892 "GET /get-cart-count/ HTTP/1.1" 200 39
INFO 2026-04-02 09:24:53,209 basehttp 2276 42892 "GET /get-cart-count/ HTTP/1.1" 200 39
INFO 2026-04-02 09:24:58,481 basehttp 2276 42892 "GET /get-cart-count/ HTTP/1.1" 200 39
INFO 2026-04-02 09:25:03,485 basehttp 2276 42892 "GET /get-cart-count/ HTTP/1.1" 200 39
INFO 2026-04-02 09:25:08,491 basehttp 2276 42892 "GET /get-cart-count/ HTTP/1.1" 200 39
INFO 2026-04-02 09:25:13,491 basehttp 2276 42892 "GET /get-cart-count/ HTTP/1.1" 200 39
INFO 2026-04-02 09:25:18,482 basehttp 2276 42892 "GET /get-cart-count/ HTTP/1.1" 200 39
INFO 2026-04-02 09:25:23,492 basehttp 2276 42892 "GET /get-cart-count/ HTTP/1.1" 200 39
INFO 2026-04-02 09:25:28,480 basehttp 2276 42892 "GET /get-cart-count/ HTTP/1.1" 200 39
INFO 2026-04-02 09:25:33,475 basehttp 2276 42892 "GET /get-cart-count/ HTTP/1.1" 200 39
INFO 2026-04-02 09:25:38,481 basehttp 2276 42892 "GET /get-cart-count/ HTTP/1.1" 200 39
INFO 2026-04-02 09:25:43,488 basehttp 2276 42892 "GET /get-cart-count/ HTTP/1.1" 200 39
INFO 2026-04-02 09:25:48,481 basehttp 2276 42892 "GET /get-cart-count/ HTTP/1.1" 200 39
INFO 2026-04-02 09:25:53,484 basehttp 2276 42892 "GET /get-cart-count/ HTTP/1.1" 200 39
INFO 2026-04-02 09:26:36,495 basehttp 2276 42892 "GET /get-cart-count/ HTTP/1.1" 200 39
INFO 2026-04-02 09:27:36,487 basehttp 2276 42892 "GET /get-cart-count/ HTTP/1.1" 200 39
INFO 2026-04-02 09:28:36,482 basehttp 2276 42892 "GET /get-cart-count/ HTTP/1.1" 200 39
INFO 2026-04-02 09:29:36,486 basehttp 2276 42892 "GET /get-cart-count/ HTTP/1.1" 200 39
INFO 2026-04-02 09:30:36,480 basehttp 2276 42892 "GET /get-cart-count/ HTTP/1.1" 200 39
INFO 2026-04-02 09:31:43,609 basehttp 2276 45008 "GET /get-cart-count/ HTTP/1.1" 200 39
INFO 2026-04-02 09:55:04,791 basehttp 2276 48000 "GET /get-cart-count/ HTTP/1.1" 200 39
INFO 2026-04-02 12:13:45,302 autoreload 2276 42940 C:\Users\venka\OneDrive\Pictures\Saved Pictures\11-06-25\restaurant\Resturant_Project\Resturant_Project\settings.py changed, reloading.
INFO 2026-04-02 12:13:46,914 autoreload 47800 23068 Watching for file changes with StatReloader
INFO 2026-04-02 12:18:20,116 autoreload 47800 23068 C:\Users\venka\OneDrive\Pictures\Saved Pictures\11-06-25\restaurant\Resturant_Project\Base_App\views.py changed, reloading.
INFO 2026-04-02 12:18:21,454 autoreload 29892 15060 Watching for file changes with StatReloader
INFO 2026-04-02 12:18:26,977 autoreload 29892 15060 C:\Users\venka\OneDrive\Pictures\Saved Pictures\11-06-25\restaurant\Resturant_Project\Base_App\views.py changed, reloading.
INFO 2026-04-02 12:18:28,130 autoreload 48436 29124 Watching for file changes with StatReloader
INFO 2026-04-02 12:18:31,522 autoreload 48436 29124 C:\Users\venka\OneDrive\Pictures\Saved Pictures\11-06-25\restaurant\Resturant_Project\Base_App\views.py changed, reloading.
INFO 2026-04-02 12:18:32,655 autoreload 48156 44232 Watching for file changes with StatReloader
INFO 2026-04-02 12:22:48,578 autoreload 48156 44232 C:\Users\venka\OneDrive\Pictures\Saved Pictures\11-06-25\restaurant\Resturant_Project\Base_App\views.py changed, reloading.
INFO 2026-04-02 12:22:49,823 autoreload 6016 29512 Watching for file changes with StatReloader
INFO 2026-04-02 12:22:56,430 autoreload 6016 29512 C:\Users\venka\OneDrive\Pictures\Saved Pictures\11-06-25\restaurant\Resturant_Project\Base_App\views.py changed, reloading.
INFO 2026-04-02 12:22:57,763 autoreload 19756 34480 Watching for file changes with StatReloader
INFO 2026-04-02 12:23:07,722 autoreload 19756 34480 C:\Users\venka\OneDrive\Pictures\Saved Pictures\11-06-25\restaurant\Resturant_Project\Base_App\views.py changed, reloading.
INFO 2026-04-02 12:23:08,768 autoreload 7284 48608 Watching for file changes with StatReloader
INFO 2026-04-02 12:23:13,884 basehttp 7284 41920 "GET / HTTP/1.1" 200 18800
INFO 2026-04-02 12:23:15,382 basehttp 7284 41920 "GET /get-cart-count/ HTTP/1.1" 200 39
INFO 2026-04-02 12:23:19,523 basehttp 7284 41920 "GET /book-table/ HTTP/1.1" 200 10064
INFO 2026-04-02 12:23:20,311 basehttp 7284 41920 "GET /get-cart-count/ HTTP/1.1" 200 39
INFO 2026-04-02 12:23:24,645 basehttp 7284 41920 "GET /get-cart-count/ HTTP/1.1" 200 39
WARNING 2026-04-02 12:23:28,932 views 7284 41920 BookTable form validation failed: <ul class="errorlist"><li>name<ul class="errorlist"><li>This field is required.</li></ul></li><li>email<ul class="errorlist"><li>This field is required.</li></ul></li><li>total_persons<ul class="errorlist"><li>This field is required.</li></ul></li><li>booking_date<ul class="errorlist"><li>This field is required.</li></ul></li><li>booking_time<ul class="errorlist"><li>This field is required.</li></ul></li></ul>
INFO 2026-04-02 12:23:28,940 basehttp 7284 41920 "POST /book-table/ HTTP/1.1" 200 10512
INFO 2026-04-02 12:23:29,477 basehttp 7284 41920 "GET /get-cart-count/ HTTP/1.1" 200 39
INFO 2026-04-02 12:23:34,072 basehttp 7284 41920 "GET /get-cart-count/ HTTP/1.1" 200 39
INFO 2026-04-02 12:23:39,492 basehttp 7284 41920 "GET /get-cart-count/ HTTP/1.1" 200 39
INFO 2026-04-02 12:23:44,481 basehttp 7284 41920 "GET /get-cart-count/ HTTP/1.1" 200 39
INFO 2026-04-02 12:23:49,073 basehttp 7284 41920 "GET /get-cart-count/ HTTP/1.1" 200 39
INFO 2026-04-02 12:23:54,071 basehttp 7284 41920 "GET /get-cart-count/ HTTP/1.1" 200 39
INFO 2026-04-02 12:23:59,477 basehttp 7284 41920 "GET /get-cart-count/ HTTP/1.1" 200 39
INFO 2026-04-02 12:24:04,493 basehttp 7284 41920 "GET /get-cart-count/ HTTP/1.1" 200 39
INFO 2026-04-02 12:24:09,480 basehttp 7284 41920 "GET /get-cart-count/ HTTP/1.1" 200 39
INFO 2026-04-02 12:24:14,478 basehttp 7284 41920 "GET /get-cart-count/ HTTP/1.1" 200 39
INFO 2026-04-02 12:24:19,490 basehttp 7284 41920 "GET /get-cart-count/ HTTP/1.1" 200 39
INFO 2026-04-02 12:24:24,492 basehttp 7284 41920 "GET /get-cart-count/ HTTP/1.1" 200 39
INFO 2026-04-02 12:24:29,480 basehttp 7284 41920 "GET /get-cart-count/ HTTP/1.1" 200 39
INFO 2026-04-02 12:24:34,490 basehttp 7284 41920 "GET /get-cart-count/ HTTP/1.1" 200 39
INFO 2026-04-02 12:24:39,488 basehttp 7284 41920 "GET /get-cart-count/ HTTP/1.1" 200 39
INFO 2026-04-02 12:24:44,492 basehttp 7284 41920 "GET /get-cart-count/ HTTP/1.1" 200 39
INFO 2026-04-02 12:24:49,490 basehttp 7284 41920 "GET /get-cart-count/ HTTP/1.1" 200 39
INFO 2026-04-02 12:24:54,487 basehttp 7284 41920 "GET /get-cart-count/ HTTP/1.1" 200 39
INFO 2026-04-02 12:25:36,481 basehttp 7284 41920 "GET /get-cart-count/ HTTP/1.1" 200 39
INFO 2026-04-02 12:26:36,506 basehttp 7284 41920 "GET /get-cart-count/ HTTP/1.1" 200 39
INFO 2026-04-02 12:27:34,096 autoreload 7284 48608 C:\Users\venka\OneDrive\Pictures\Saved Pictures\11-06-25\restaurant\Resturant_Project\Base_App\views.py changed, reloading.
INFO 2026-04-02 12:27:35,286 autoreload 21724 49572 Watching for file changes with StatReloader
INFO 2026-04-02 12:27:37,260 basehttp 21724 31392 "GET /get-cart-count/ HTTP/1.1" 200 39
INFO 2026-04-02 12:27:53,437 autoreload 21724 49572 C:\Users\venka\OneDrive\Pictures\Saved Pictures\11-06-25\restaurant\Resturant_Project\Base_App\views.py changed, reloading.
INFO 2026-04-02 12:27:54,504 autoreload 23684 48980 Watching for file changes with StatReloader
INFO 2026-04-02 12:27:58,274 autoreload 23684 48980 C:\Users\venka\OneDrive\Pictures\Saved Pictures\11-06-25\restaurant\Resturant_Project\Base_App\views.py changed, reloading.
INFO 2026-04-02 12:27:59,314 autoreload 8844 25156 Watching for file changes with StatReloader
INFO 2026-04-02 12:28:36,498 basehttp 8844 49720 "GET /get-cart-count/ HTTP/1.1" 200 39
INFO 2026-04-02 12:29:36,486 basehttp 8844 49720 "GET /get-cart-count/ HTTP/1.1" 200 39
INFO 2026-04-02 12:30:36,491 basehttp 8844 49720 "GET /get-cart-count/ HTTP/1.1" 200 39
INFO 2026-04-02 12:31:36,490 basehttp 8844 49720 "GET /get-cart-count/ HTTP/1.1" 200 39
INFO 2026-04-02 12:46:10,662 basehttp 8844 44900 "GET /get-cart-count/ HTTP/1.1" 200 39
INFO 2026-04-02 12:53:36,297 autoreload 8844 25156 C:\Users\venka\OneDrive\Pictures\Saved Pictures\11-06-25\restaurant\Resturant_Project\Base_App\views.py changed, reloading.
INFO 2026-04-02 12:53:37,781 autoreload 47012 46256 Watching for file changes with StatReloader
INFO 2026-04-02 12:55:34,610 autoreload 35460 49092 Watching for file changes with StatReloader
INFO 2026-04-02 12:55:39,481 basehttp 35460 47124 "GET / HTTP/1.1" 200 18800
INFO 2026-04-02 12:55:41,228 basehttp 35460 47124 "GET /get-cart-count/ HTTP/1.1" 200 39
INFO 2026-04-02 12:55:42,516 basehttp 35460 47124 "GET /book-table/ HTTP/1.1" 200 10064
INFO 2026-04-02 12:55:43,553 basehttp 35460 47124 "GET /get-cart-count/ HTTP/1.1" 200 39
INFO 2026-04-02 12:55:47,628 basehttp 35460 47124 "GET /get-cart-count/ HTTP/1.1" 200 39
WARNING 2026-04-02 12:55:49,372 views 35460 47124 BookTable form validation failed: <ul class="errorlist"><li>name<ul class="errorlist"><li>This field is required.</li></ul></li><li>email<ul class="errorlist"><li>This field is required.</li></ul></li><li>total_persons<ul class="errorlist"><li>This field is required.</li></ul></li><li>booking_date<ul class="errorlist"><li>This field is required.</li></ul></li><li>booking_time<ul class="errorlist"><li>This field is required.</li></ul></li></ul>
INFO 2026-04-02 12:55:49,380 basehttp 35460 47124 "POST /book-table/ HTTP/1.1" 200 10512
INFO 2026-04-02 12:55:49,938 basehttp 35460 47124 "GET /get-cart-count/ HTTP/1.1" 200 39
INFO 2026-04-02 12:55:54,512 basehttp 35460 47124 "GET /get-cart-count/ HTTP/1.1" 200 39
INFO 2026-04-02 12:56:00,492 basehttp 35460 47124 "GET /get-cart-count/ HTTP/1.1" 200 39
INFO 2026-04-02 12:56:05,489 basehttp 35460 47124 "GET /get-cart-count/ HTTP/1.1" 200 39
INFO 2026-04-02 12:56:10,492 basehttp 35460 47124 "GET /get-cart-count/ HTTP/1.1" 200 39
INFO 2026-04-02 12:56:15,481 basehttp 35460 47124 "GET /get-cart-count/ HTTP/1.1" 200 39
INFO 2026-04-02 12:56:20,487 basehttp 35460 47124 "GET /get-cart-count/ HTTP/1.1" 200 39
INFO 2026-04-02 12:56:24,487 basehttp 35460 47124 "GET /get-cart-count/ HTTP/1.1" 200 39
INFO 2026-04-02 12:56:29,498 basehttp 35460 47124 "GET /get-cart-count/ HTTP/1.1" 200 39
INFO 2026-04-02 12:56:35,480 basehttp 35460 47124 "GET /get-cart-count/ HTTP/1.1" 200 39
INFO 2026-04-02 12:56:39,487 basehttp 35460 47124 "GET /get-cart-count/ HTTP/1.1" 200 39
INFO 2026-04-02 12:56:44,503 basehttp 35460 47124 "GET /get-cart-count/ HTTP/1.1" 200 39
INFO 2026-04-02 12:56:50,475 basehttp 35460 47124 "GET /get-cart-count/ HTTP/1.1" 200 39
INFO 2026-04-02 12:56:54,491 basehttp 35460 47124 "GET /get-cart-count/ HTTP/1.1" 200 39
INFO 2026-04-02 12:57:00,487 basehttp 35460 47124 "GET /get-cart-count/ HTTP/1.1" 200 39
INFO 2026-04-02 12:57:05,487 basehttp 35460 47124 "GET /get-cart-count/ HTTP/1.1" 200 39
INFO 2026-04-02 12:57:10,476 basehttp 35460 47124 "GET /get-cart-count/ HTTP/1.1" 200 39
INFO 2026-04-02 12:57:15,489 basehttp 35460 47124 "GET /get-cart-count/ HTTP/1.1" 200 39
INFO 2026-04-02 12:57:19,501 basehttp 35460 47124 "GET /get-cart-count/ HTTP/1.1" 200 39
INFO 2026-04-02 12:57:24,490 basehttp 35460 47124 "GET /get-cart-count/ HTTP/1.1" 200 39
INFO 2026-04-02 12:57:29,486 basehttp 35460 47124 "GET /get-cart-count/ HTTP/1.1" 200 39
INFO 2026-04-02 12:57:34,488 basehttp 35460 47124 "GET /get-cart-count/ HTTP/1.1" 200 39
INFO 2026-04-02 12:57:39,492 basehttp 35460 47124 "GET /get-cart-count/ HTTP/1.1" 200 39
INFO 2026-04-02 12:57:44,492 basehttp 35460 47124 "GET /get-cart-count/ HTTP/1.1" 200 39
WARNING 2026-04-02 12:57:46,733 views 35460 47124 BookTable form validation failed: <ul class="errorlist"><li>name<ul class="errorlist"><li>This field is required.</li></ul></li><li>email<ul class="errorlist"><li>This field is required.</li></ul></li><li>total_persons<ul class="errorlist"><li>This field is required.</li></ul></li><li>booking_date<ul class="errorlist"><li>This field is required.</li></ul></li><li>booking_time<ul class="errorlist"><li>This field is required.</li></ul></li></ul>
INFO 2026-04-02 12:57:46,744 basehttp 35460 47124 "POST /book-table/ HTTP/1.1" 200 10512
INFO 2026-04-02 12:57:47,337 basehttp 35460 47124 "GET /get-cart-count/ HTTP/1.1" 200 39
INFO 2026-04-02 12:57:51,884 basehttp 35460 47124 "GET /get-cart-count/ HTTP/1.1" 200 39
INFO 2026-04-02 12:57:57,474 basehttp 35460 47124 "GET /get-cart-count/ HTTP/1.1" 200 39
INFO 2026-04-02 12:58:02,480 basehttp 35460 47124 "GET /get-cart-count/ HTTP/1.1" 200 39
INFO 2026-04-02 12:58:07,487 basehttp 35460 47124 "GET /get-cart-count/ HTTP/1.1" 200 39
INFO 2026-04-02 12:58:12,487 basehttp 35460 47124 "GET /get-cart-count/ HTTP/1.1" 200 39
INFO 2026-04-02 12:58:17,491 basehttp 35460 47124 "GET /get-cart-count/ HTTP/1.1" 200 39
INFO 2026-04-02 12:58:21,879 basehttp 35460 47124 "GET /get-cart-count/ HTTP/1.1" 200 39
INFO 2026-04-02 12:58:27,475 basehttp 35460 47124 "GET /get-cart-count/ HTTP/1.1" 200 39
INFO 2026-04-02 12:58:32,489 basehttp 35460 47124 "GET /get-cart-count/ HTTP/1.1" 200 39
INFO 2026-04-02 12:58:37,493 basehttp 35460 47124 "GET /get-cart-count/ HTTP/1.1" 200 39
INFO 2026-04-02 12:58:42,482 basehttp 35460 47124 "GET /get-cart-count/ HTTP/1.1" 200 39
INFO 2026-04-02 12:58:47,483 basehttp 35460 47124 "GET /get-cart-count/ HTTP/1.1" 200 39
INFO 2026-04-02 12:58:52,489 basehttp 35460 47124 "GET /get-cart-count/ HTTP/1.1" 200 39
INFO 2026-04-02 12:58:57,479 basehttp 35460 47124 "GET /get-cart-count/ HTTP/1.1" 200 39
INFO 2026-04-02 12:59:02,488 basehttp 35460 47124 "GET /get-cart-count/ HTTP/1.1" 200 39
INFO 2026-04-02 12:59:07,489 basehttp 35460 47124 "GET /get-cart-count/ HTTP/1.1" 200 39
INFO 2026-04-02 12:59:12,484 basehttp 35460 47124 "GET /get-cart-count/ HTTP/1.1" 200 39
INFO 2026-04-02 12:59:17,480 basehttp 35460 47124 "GET /get-cart-count/ HTTP/1.1" 200 39
INFO 2026-04-02 12:59:22,491 basehttp 35460 47124 "GET /get-cart-count/ HTTP/1.1" 200 39
INFO 2026-04-02 12:59:36,509 basehttp 35460 47124 "GET /get-cart-count/ HTTP/1.1" 200 39
INFO 2026-04-02 13:00:36,490 basehttp 35460 47124 "GET /get-cart-count/ HTTP/1.1" 200 39
INFO 2026-04-02 13:04:17,319 autoreload 32944 19752 Watching for file changes with StatReloader
INFO 2026-04-02 13:04:26,646 basehttp 32944 47124 "GET / HTTP/1.1" 200 18800
INFO 2026-04-02 13:04:28,063 basehttp 32944 47124 "GET /get-cart-count/ HTTP/1.1" 200 39
INFO 2026-04-02 13:04:28,739 basehttp 32944 47124 "GET /book-table/ HTTP/1.1" 200 10198
INFO 2026-04-02 13:04:29,439 basehttp 32944 47124 "GET /get-cart-count/ HTTP/1.1" 200 39
INFO 2026-04-02 13:04:33,847 basehttp 32944 47124 "GET /get-cart-count/ HTTP/1.1" 200 39
INFO 2026-04-02 13:04:38,839 basehttp 32944 47124 "GET /get-cart-count/ HTTP/1.1" 200 39
INFO 2026-04-02 13:04:43,841 basehttp 32944 14304 "GET /get-cart-count/ HTTP/1.1" 200 39
ERROR 2026-04-02 13:04:45,906 views 32944 47124 Email sending failed for booking 1: (550, b'The from address does not match a verified Sender Identity. Mail cannot be sent until this error is resolved. Visit https://sendgrid.com/docs/for-developers/sending-email/sender-identity/ to see the Sender Identity requirements')
INFO 2026-04-02 13:04:45,922 views 32944 47124 Booking created: ID=1, Name=venkatesh, Date=2026-03-24, Time=13:04:00
INFO 2026-04-02 13:04:45,926 basehttp 32944 47124 "POST /book-table/ HTTP/1.1" 302 0
INFO 2026-04-02 13:04:45,945 basehttp 32944 47124 "GET /book-table/ HTTP/1.1" 200 10426
INFO 2026-04-02 13:04:46,459 basehttp 32944 47124 "GET /get-cart-count/ HTTP/1.1" 200 39
INFO 2026-04-02 13:04:51,481 basehttp 32944 47124 "GET /get-cart-count/ HTTP/1.1" 200 39
INFO 2026-04-02 13:04:56,474 basehttp 32944 47124 "GET /get-cart-count/ HTTP/1.1" 200 39
INFO 2026-04-02 13:05:01,478 basehttp 32944 47124 "GET /get-cart-count/ HTTP/1.1" 200 39
INFO 2026-04-02 13:05:06,482 basehttp 32944 47124 "GET /get-cart-count/ HTTP/1.1" 200 39
INFO 2026-04-02 13:05:11,074 basehttp 32944 47124 "GET /get-cart-count/ HTTP/1.1" 200 39
INFO 2026-04-02 13:05:16,072 basehttp 32944 47124 "GET /get-cart-count/ HTTP/1.1" 200 39
INFO 2026-04-02 13:05:21,082 basehttp 32944 47124 "GET /get-cart-count/ HTTP/1.1" 200 39
INFO 2026-04-02 13:05:26,071 basehttp 32944 47124 "GET /get-cart-count/ HTTP/1.1" 200 39
INFO 2026-04-02 13:05:31,087 basehttp 32944 47124 "GET /get-cart-count/ HTTP/1.1" 200 39
INFO 2026-04-02 13:05:36,079 basehttp 32944 47124 "GET /get-cart-count/ HTTP/1.1" 200 39
ERROR 2026-04-02 13:05:38,739 views 32944 47124 Email sending failed for booking 2: (550, b'The from address does not match a verified Sender Identity. Mail cannot be sent until this error is resolved. Visit https://sendgrid.com/docs/for-developers/sending-email/sender-identity/ to see the Sender Identity requirements')
INFO 2026-04-02 13:05:38,770 views 32944 47124 Booking created: ID=2, Name=K Venkatesha Hegde K Venkatesha Hegde, Date=2026-04-23, Time=15:09:00
INFO 2026-04-02 13:05:38,773 basehttp 32944 47124 "POST /book-table/ HTTP/1.1" 302 0
INFO 2026-04-02 13:05:38,792 basehttp 32944 47124 "GET /book-table/ HTTP/1.1" 200 10426
INFO 2026-04-02 13:05:39,467 basehttp 32944 47124 "GET /get-cart-count/ HTTP/1.1" 200 39
INFO 2026-04-02 13:05:44,481 basehttp 32944 47124 "GET /get-cart-count/ HTTP/1.1" 200 39
INFO 2026-04-02 13:05:49,479 basehttp 32944 47124 "GET /get-cart-count/ HTTP/1.1" 200 39
INFO 2026-04-02 13:05:54,478 basehttp 32944 47124 "GET /get-cart-count/ HTTP/1.1" 200 39
INFO 2026-04-02 13:05:59,483 basehttp 32944 47124 "GET /get-cart-count/ HTTP/1.1" 200 39
INFO 2026-04-02 13:06:03,924 basehttp 32944 47124 "GET /get-cart-count/ HTTP/1.1" 200 39
INFO 2026-04-02 13:06:09,479 basehttp 32944 47124 "GET /get-cart-count/ HTTP/1.1" 200 39
INFO 2026-04-02 13:06:14,495 basehttp 32944 47124 "GET /get-cart-count/ HTTP/1.1" 200 39
INFO 2026-04-02 13:06:19,476 basehttp 32944 47124 "GET /get-cart-count/ HTTP/1.1" 200 39
INFO 2026-04-02 13:06:24,486 basehttp 32944 47124 "GET /get-cart-count/ HTTP/1.1" 200 39
INFO 2026-04-02 13:06:29,477 basehttp 32944 47124 "GET /get-cart-count/ HTTP/1.1" 200 39
INFO 2026-04-02 13:06:33,928 basehttp 32944 47124 "GET /get-cart-count/ HTTP/1.1" 200 39
INFO 2026-04-02 13:06:39,478 basehttp 32944 47124 "GET /get-cart-count/ HTTP/1.1" 200 39
INFO 2026-04-02 13:06:44,478 basehttp 32944 47124 "GET /get-cart-count/ HTTP/1.1" 200 39
INFO 2026-04-02 13:06:49,484 basehttp 32944 47124 "GET /get-cart-count/ HTTP/1.1" 200 39
INFO 2026-04-02 13:06:54,490 basehttp 32944 47124 "GET /get-cart-count/ HTTP/1.1" 200 39
INFO 2026-04-02 13:06:59,484 basehttp 32944 47124 "GET /get-cart-count/ HTTP/1.1" 200 39
INFO 2026-04-02 13:07:04,478 basehttp 32944 47124 "GET /get-cart-count/ HTTP/1.1" 200 39
INFO 2026-04-02 13:07:09,485 basehttp 32944 47124 "GET /get-cart-count/ HTTP/1.1" 200 39
INFO 2026-04-02 13:07:14,484 basehttp 32944 47124 "GET /get-cart-count/ HTTP/1.1" 200 39
INFO 2026-04-02 13:07:19,475 basehttp 32944 47124 "GET /get-cart-count/ HTTP/1.1" 200 39
INFO 2026-04-02 13:07:24,477 basehttp 32944 47124 "GET /get-cart-count/ HTTP/1.1" 200 39
INFO 2026-04-02 13:07:29,484 basehttp 32944 47124 "GET /get-cart-count/ HTTP/1.1" 200 39
INFO 2026-04-02 13:07:34,488 basehttp 32944 47124 "GET /get-cart-count/ HTTP/1.1" 200 39
INFO 2026-04-02 13:08:36,484 basehttp 32944 47124 "GET /get-cart-count/ HTTP/1.1" 200 39
INFO 2026-04-02 13:09:36,489 basehttp 32944 47124 "GET /get-cart-count/ HTTP/1.1" 200 39
INFO 2026-04-02 13:09:42,802 autoreload 32944 19752 C:\Users\venka\OneDrive\Pictures\Saved Pictures\11-06-25\restaurant\Resturant_Project\Resturant_Project\settings.py changed, reloading.
INFO 2026-04-02 13:09:44,062 autoreload 46336 32056 Watching for file changes with StatReloader
INFO 2026-04-02 13:10:31,032 autoreload 21600 47332 Watching for file changes with StatReloader
INFO 2026-04-02 13:10:48,452 basehttp 21600 25144 "GET / HTTP/1.1" 200 18800
INFO 2026-04-02 13:10:50,333 basehttp 21600 25144 "GET /get-cart-count/ HTTP/1.1" 200 39
INFO 2026-04-02 13:10:54,416 basehttp 21600 25144 "GET /get-cart-count/ HTTP/1.1" 200 39
INFO 2026-04-02 13:10:55,085 basehttp 21600 25144 "GET /book-table/ HTTP/1.1" 200 10198
INFO 2026-04-02 13:10:55,944 basehttp 21600 25144 "GET /get-cart-count/ HTTP/1.1" 200 39
INFO 2026-04-02 13:11:00,226 basehttp 21600 25144 "GET /get-cart-count/ HTTP/1.1" 200 39
INFO 2026-04-02 13:11:05,244 basehttp 21600 25144 "GET /get-cart-count/ HTTP/1.1" 200 39
INFO 2026-04-02 13:11:10,230 basehttp 21600 25144 "GET /get-cart-count/ HTTP/1.1" 200 39
ERROR 2026-04-02 13:11:13,632 views 21600 25144 Email sending failed for booking 3: (550, b'The from address does not match a verified Sender Identity. Mail cannot be sent until this error is resolved. Visit https://sendgrid.com/docs/for-developers/sending-email/sender-identity/ to see the Sender Identity requirements')
INFO 2026-04-02 13:11:13,651 views 21600 25144 Booking created: ID=3, Name=venkatesh, Date=2026-03-24, Time=17:15:00
INFO 2026-04-02 13:11:13,654 basehttp 21600 25144 "POST /book-table/ HTTP/1.1" 302 0
INFO 2026-04-02 13:11:13,674 basehttp 21600 25144 "GET /book-table/ HTTP/1.1" 200 10426
INFO 2026-04-02 13:11:14,219 basehttp 21600 25144 "GET /get-cart-count/ HTTP/1.1" 200 39
INFO 2026-04-02 13:11:19,488 basehttp 21600 25144 "GET /get-cart-count/ HTTP/1.1" 200 39
INFO 2026-04-02 13:11:24,478 basehttp 21600 25144 "GET /get-cart-count/ HTTP/1.1" 200 39
INFO 2026-04-02 13:11:29,488 basehttp 21600 25144 "GET /get-cart-count/ HTTP/1.1" 200 39
INFO 2026-04-02 13:11:34,478 basehttp 21600 25144 "GET /get-cart-count/ HTTP/1.1" 200 39
INFO 2026-04-02 13:11:39,477 basehttp 21600 25144 "GET /get-cart-count/ HTTP/1.1" 200 39
INFO 2026-04-02 13:11:44,476 basehttp 21600 25144 "GET /get-cart-count/ HTTP/1.1" 200 39
INFO 2026-04-02 13:11:49,484 basehttp 21600 25144 "GET /get-cart-count/ HTTP/1.1" 200 39
INFO 2026-04-02 13:11:53,824 basehttp 21600 25144 "GET /get-cart-count/ HTTP/1.1" 200 39
INFO 2026-04-02 13:11:59,484 basehttp 21600 25144 "GET /get-cart-count/ HTTP/1.1" 200 39
INFO 2026-04-02 13:12:04,483 basehttp 21600 25144 "GET /get-cart-count/ HTTP/1.1" 200 39
INFO 2026-04-02 13:12:09,519 basehttp 21600 25144 "GET /get-cart-count/ HTTP/1.1" 200 39
INFO 2026-04-02 13:12:14,484 basehttp 21600 25144 "GET /get-cart-count/ HTTP/1.1" 200 39
INFO 2026-04-02 13:12:19,484 basehttp 21600 25144 "GET /get-cart-count/ HTTP/1.1" 200 39
INFO 2026-04-02 13:12:24,477 basehttp 21600 25144 "GET /get-cart-count/ HTTP/1.1" 200 39
INFO 2026-04-02 13:12:29,487 basehttp 21600 25144 "GET /get-cart-count/ HTTP/1.1" 200 39
INFO 2026-04-02 13:12:34,478 basehttp 21600 25144 "GET /get-cart-count/ HTTP/1.1" 200 39
INFO 2026-04-02 13:12:39,488 basehttp 21600 25144 "GET /get-cart-count/ HTTP/1.1" 200 39
INFO 2026-04-02 13:12:44,489 basehttp 21600 25144 "GET /get-cart-count/ HTTP/1.1" 200 39
INFO 2026-04-02 13:12:49,493 basehttp 21600 25144 "GET /get-cart-count/ HTTP/1.1" 200 39
INFO 2026-04-02 13:12:54,488 basehttp 21600 25144 "GET /get-cart-count/ HTTP/1.1" 200 39
INFO 2026-04-02 13:13:36,482 basehttp 21600 25144 "GET /get-cart-count/ HTTP/1.1" 200 39
INFO 2026-04-02 13:14:36,485 basehttp 21600 25144 "GET /get-cart-count/ HTTP/1.1" 200 39
INFO 2026-04-02 13:15:36,489 basehttp 21600 25144 "GET /get-cart-count/ HTTP/1.1" 200 39
INFO 2026-04-02 13:16:36,489 basehttp 21600 25144 "GET /get-cart-count/ HTTP/1.1" 200 39
INFO 2026-04-02 13:24:48,644 autoreload 49876 19508 Watching for file changes with StatReloader
INFO 2026-04-02 13:25:24,026 basehttp 49876 41340 "GET / HTTP/1.1" 200 18800
INFO 2026-04-02 13:25:25,600 basehttp 49876 41340 "GET /get-cart-count/ HTTP/1.1" 200 39
INFO 2026-04-02 13:25:28,866 basehttp 49876 41340 "GET /book-table/ HTTP/1.1" 200 10198
INFO 2026-04-02 13:25:29,615 basehttp 49876 41340 "GET /get-cart-count/ HTTP/1.1" 200 39
INFO 2026-04-02 13:25:33,999 basehttp 49876 41340 "GET /get-cart-count/ HTTP/1.1" 200 39
INFO 2026-04-02 13:25:39,004 basehttp 49876 41340 "GET /get-cart-count/ HTTP/1.1" 200 39
INFO 2026-04-02 13:25:43,946 views 49876 41340 Confirmation email sent to venkateshhegde102@gmail.com for booking 4
INFO 2026-04-02 13:25:43,958 views 49876 41340 Booking created: ID=4, Name=venkatesh, Date=2026-03-24, Time=18:30:00
INFO 2026-04-02 13:25:43,961 basehttp 49876 41340 "POST /book-table/ HTTP/1.1" 302 0
INFO 2026-04-02 13:25:43,980 basehttp 49876 41340 "GET /book-table/ HTTP/1.1" 200 10426
INFO 2026-04-02 13:25:44,005 basehttp 49876 41340 - Broken pipe from ('127.0.0.1', 49185)
INFO 2026-04-02 13:25:44,523 basehttp 49876 25128 "GET /get-cart-count/ HTTP/1.1" 200 39
INFO 2026-04-02 13:25:49,489 basehttp 49876 25128 "GET /get-cart-count/ HTTP/1.1" 200 39
INFO 2026-04-02 13:25:54,491 basehttp 49876 25128 "GET /get-cart-count/ HTTP/1.1" 200 39
INFO 2026-04-02 13:25:59,487 basehttp 49876 25128 "GET /get-cart-count/ HTTP/1.1" 200 39
INFO 2026-04-02 13:26:04,492 basehttp 49876 25128 "GET /get-cart-count/ HTTP/1.1" 200 39
INFO 2026-04-02 13:26:09,483 basehttp 49876 25128 "GET /get-cart-count/ HTTP/1.1" 200 39
INFO 2026-04-02 13:26:14,479 basehttp 49876 25128 "GET /get-cart-count/ HTTP/1.1" 200 39
INFO 2026-04-02 13:26:19,483 basehttp 49876 25128 "GET /get-cart-count/ HTTP/1.1" 200 39
INFO 2026-04-02 13:26:24,484 basehttp 49876 25128 "GET /get-cart-count/ HTTP/1.1" 200 39
INFO 2026-04-02 13:26:29,490 basehttp 49876 25128 "GET /get-cart-count/ HTTP/1.1" 200 39
INFO 2026-04-02 13:26:34,486 basehttp 49876 25128 "GET /get-cart-count/ HTTP/1.1" 200 39
INFO 2026-04-02 13:26:39,489 basehttp 49876 25128 "GET /get-cart-count/ HTTP/1.1" 200 39
INFO 2026-04-02 13:26:44,480 basehttp 49876 25128 "GET /get-cart-count/ HTTP/1.1" 200 39
INFO 2026-04-02 13:27:36,481 basehttp 49876 20804 "GET /get-cart-count/ HTTP/1.1" 200 39
INFO 2026-04-02 13:28:36,488 basehttp 49876 20804 "GET /get-cart-count/ HTTP/1.1" 200 39
INFO 2026-04-02 13:39:27,957 basehttp 49876 26172 "GET /get-cart-count/ HTTP/1.1" 200 39
INFO 2026-04-02 13:39:36,489 basehttp 49876 25988 "GET /get-cart-count/ HTTP/1.1" 200 39
INFO 2026-04-02 13:40:20,691 basehttp 49876 21612 "GET /get-cart-count/ HTTP/1.1" 200 39
INFO 2026-04-02 13:40:24,475 basehttp 49876 21612 "GET /get-cart-count/ HTTP/1.1" 200 39
INFO 2026-04-02 13:40:29,490 basehttp 49876 21612 "GET /get-cart-count/ HTTP/1.1" 200 39
INFO 2026-04-02 13:40:34,488 basehttp 49876 21612 "GET /get-cart-count/ HTTP/1.1" 200 39
INFO 2026-04-02 13:40:39,479 basehttp 49876 21612 "GET /get-cart-count/ HTTP/1.1" 200 39
INFO 2026-04-02 13:40:44,487 basehttp 49876 21612 "GET /get-cart-count/ HTTP/1.1" 200 39
INFO 2026-04-02 13:40:49,478 basehttp 49876 21612 "GET /get-cart-count/ HTTP/1.1" 200 39
INFO 2026-04-02 13:40:54,483 basehttp 49876 21612 "GET /get-cart-count/ HTTP/1.1" 200 39
INFO 2026-04-02 13:40:59,488 basehttp 49876 21612 "GET /get-cart-count/ HTTP/1.1" 200 39
INFO 2026-04-02 13:41:04,479 basehttp 49876 21612 "GET /get-cart-count/ HTTP/1.1" 200 39
INFO 2026-04-02 13:41:09,484 basehttp 49876 21612 "GET /get-cart-count/ HTTP/1.1" 200 39
INFO 2026-04-02 13:41:14,493 basehttp 49876 21612 "GET /get-cart-count/ HTTP/1.1" 200 39
INFO 2026-04-02 13:41:19,489 basehttp 49876 21612 "GET /get-cart-count/ HTTP/1.1" 200 39
INFO 2026-04-02 13:41:36,487 basehttp 49876 21612 "GET /get-cart-count/ HTTP/1.1" 200 39
INFO 2026-04-02 13:42:36,497 basehttp 49876 21612 "GET /get-cart-count/ HTTP/1.1" 200 39
INFO 2026-04-02 13:43:36,484 basehttp 49876 50296 "GET /get-cart-count/ HTTP/1.1" 200 39
INFO 2026-04-02 13:44:36,488 basehttp 49876 31428 "GET /get-cart-count/ HTTP/1.1" 200 39
INFO 2026-04-02 13:45:36,495 basehttp 49876 11796 "GET /get-cart-count/ HTTP/1.1" 200 39
INFO 2026-04-02 13:46:36,493 basehttp 49876 11796 "GET /get-cart-count/ HTTP/1.1" 200 39
INFO 2026-04-02 13:50:45,059 autoreload 51016 49280 Watching for file changes with StatReloader
INFO 2026-04-02 18:13:41,424 autoreload 53984 52000 Watching for file changes with StatReloader
INFO 2026-04-02 18:13:46,648 basehttp 53984 48512 "GET / HTTP/1.1" 200 18800
INFO 2026-04-02 18:13:48,162 basehttp 53984 48512 "GET /get-cart-count/ HTTP/1.1" 200 39
ERROR 2026-04-02 18:13:49,190 log 53984 48512 Internal Server Error: /login/
Traceback (most recent call last):
  File "C:\Users\venka\AppData\Local\Programs\Python\Python312\Lib\site-packages\django\core\handlers\exception.py", line 55, in inner
    response = get_response(request)
               ^^^^^^^^^^^^^^^^^^^^^
  File "C:\Users\venka\AppData\Local\Programs\Python\Python312\Lib\site-packages\django\core\handlers\base.py", line 197, in _get_response
    response = wrapped_callback(request, *callback_args, **callback_kwargs)
               ^^^^^^^^^^^^^^^^^^^^^^^^^^^^^^^^^^^^^^^^^^^^^^^^^^^^^^^^^^^^
  File "C:\Users\venka\AppData\Local\Programs\Python\Python312\Lib\site-packages\django\views\decorators\http.py", line 63, in inner
    return func(request, *args, **kwargs)
           ^^^^^^^^^^^^^^^^^^^^^^^^^^^^^^
  File "C:\Users\venka\OneDrive\Pictures\Saved Pictures\11-06-25\restaurant\Resturant_Project\Base_App\views.py", line 65, in LoginView
    return render(request, 'login.html', {'form': form})
           ^^^^^^^^^^^^^^^^^^^^^^^^^^^^^^^^^^^^^^^^^^^^^
  File "C:\Users\venka\AppData\Local\Programs\Python\Python312\Lib\site-packages\django\shortcuts.py", line 24, in render
    content = loader.render_to_string(template_name, context, request, using=using)
              ^^^^^^^^^^^^^^^^^^^^^^^^^^^^^^^^^^^^^^^^^^^^^^^^^^^^^^^^^^^^^^^^^^^^^
  File "C:\Users\venka\AppData\Local\Programs\Python\Python312\Lib\site-packages\django\template\loader.py", line 61, in render_to_string
    template = get_template(template_name, using=using)
               ^^^^^^^^^^^^^^^^^^^^^^^^^^^^^^^^^^^^^^^^
  File "C:\Users\venka\AppData\Local\Programs\Python\Python312\Lib\site-packages\django\template\loader.py", line 15, in get_template
    return engine.get_template(template_name)
           ^^^^^^^^^^^^^^^^^^^^^^^^^^^^^^^^^^
  File "C:\Users\venka\AppData\Local\Programs\Python\Python312\Lib\site-packages\django\template\backends\django.py", line 33, in get_template
    return Template(self.engine.get_template(template_name), self)
                    ^^^^^^^^^^^^^^^^^^^^^^^^^^^^^^^^^^^^^^^
  File "C:\Users\venka\AppData\Local\Programs\Python\Python312\Lib\site-packages\django\template\engine.py", line 175, in get_template
    template, origin = self.find_template(template_name)
                       ^^^^^^^^^^^^^^^^^^^^^^^^^^^^^^^^^
  File "C:\Users\venka\AppData\Local\Programs\Python\Python312\Lib\site-packages\django\template\engine.py", line 157, in find_template
    template = loader.get_template(name, skip=skip)
               ^^^^^^^^^^^^^^^^^^^^^^^^^^^^^^^^^^^^
  File "C:\Users\venka\AppData\Local\Programs\Python\Python312\Lib\site-packages\django\template\loaders\cached.py", line 57, in get_template
    template = super().get_template(template_name, skip)
               ^^^^^^^^^^^^^^^^^^^^^^^^^^^^^^^^^^^^^^^^^
  File "C:\Users\venka\AppData\Local\Programs\Python\Python312\Lib\site-packages\django\template\loaders\base.py", line 28, in get_template
    return Template(
           ^^^^^^^^^
  File "C:\Users\venka\AppData\Local\Programs\Python\Python312\Lib\site-packages\django\template\base.py", line 154, in __init__
    self.nodelist = self.compile_nodelist()
                    ^^^^^^^^^^^^^^^^^^^^^^^
  File "C:\Users\venka\AppData\Local\Programs\Python\Python312\Lib\site-packages\django\template\base.py", line 196, in compile_nodelist
    return parser.parse()
           ^^^^^^^^^^^^^^
  File "C:\Users\venka\AppData\Local\Programs\Python\Python312\Lib\site-packages\django\template\base.py", line 510, in parse
    raise self.error(token, e)
  File "C:\Users\venka\AppData\Local\Programs\Python\Python312\Lib\site-packages\django\template\base.py", line 508, in parse
    compiled_result = compile_func(self, token)
                      ^^^^^^^^^^^^^^^^^^^^^^^^^
  File "C:\Users\venka\AppData\Local\Programs\Python\Python312\Lib\site-packages\django\template\loader_tags.py", line 295, in do_extends
    nodelist = parser.parse()
               ^^^^^^^^^^^^^^
  File "C:\Users\venka\AppData\Local\Programs\Python\Python312\Lib\site-packages\django\template\base.py", line 510, in parse
    raise self.error(token, e)
  File "C:\Users\venka\AppData\Local\Programs\Python\Python312\Lib\site-packages\django\template\base.py", line 508, in parse
    compiled_result = compile_func(self, token)
                      ^^^^^^^^^^^^^^^^^^^^^^^^^
  File "C:\Users\venka\AppData\Local\Programs\Python\Python312\Lib\site-packages\django\template\loader_tags.py", line 234, in do_block
    nodelist = parser.parse(("endblock",))
               ^^^^^^^^^^^^^^^^^^^^^^^^^^^
  File "C:\Users\venka\AppData\Local\Programs\Python\Python312\Lib\site-packages\django\template\base.py", line 510, in parse
    raise self.error(token, e)
  File "C:\Users\venka\AppData\Local\Programs\Python\Python312\Lib\site-packages\django\template\base.py", line 508, in parse
    compiled_result = compile_func(self, token)
                      ^^^^^^^^^^^^^^^^^^^^^^^^^
  File "C:\Users\venka\AppData\Local\Programs\Python\Python312\Lib\site-packages\django\template\loader_tags.py", line 295, in do_extends
    nodelist = parser.parse()
               ^^^^^^^^^^^^^^
  File "C:\Users\venka\AppData\Local\Programs\Python\Python312\Lib\site-packages\django\template\base.py", line 510, in parse
    raise self.error(token, e)
  File "C:\Users\venka\AppData\Local\Programs\Python\Python312\Lib\site-packages\django\template\base.py", line 508, in parse
    compiled_result = compile_func(self, token)
                      ^^^^^^^^^^^^^^^^^^^^^^^^^
  File "C:\Users\venka\AppData\Local\Programs\Python\Python312\Lib\site-packages\django\template\loader_tags.py", line 228, in do_block
    raise TemplateSyntaxError(
django.template.exceptions.TemplateSyntaxError: 'block' tag with name 'class' appears more than once
ERROR 2026-04-02 18:13:49,203 basehttp 53984 48512 "GET /login/ HTTP/1.1" 500 274428
WARNING 2026-04-02 18:13:49,576 log 53984 48512 Not Found: /favicon.ico
WARNING 2026-04-02 18:13:49,578 basehttp 53984 48512 "GET /favicon.ico HTTP/1.1" 404 7657
INFO 2026-04-02 18:14:27,999 basehttp 53984 48512 "GET /get-cart-count/ HTTP/1.1" 200 39
ERROR 2026-04-02 18:14:30,190 log 53984 48512 Internal Server Error: /login/
Traceback (most recent call last):
  File "C:\Users\venka\AppData\Local\Programs\Python\Python312\Lib\site-packages\django\core\handlers\exception.py", line 55, in inner
    response = get_response(request)
               ^^^^^^^^^^^^^^^^^^^^^
  File "C:\Users\venka\AppData\Local\Programs\Python\Python312\Lib\site-packages\django\core\handlers\base.py", line 197, in _get_response
    response = wrapped_callback(request, *callback_args, **callback_kwargs)
               ^^^^^^^^^^^^^^^^^^^^^^^^^^^^^^^^^^^^^^^^^^^^^^^^^^^^^^^^^^^^
  File "C:\Users\venka\AppData\Local\Programs\Python\Python312\Lib\site-packages\django\views\decorators\http.py", line 63, in inner
    return func(request, *args, **kwargs)
           ^^^^^^^^^^^^^^^^^^^^^^^^^^^^^^
  File "C:\Users\venka\OneDrive\Pictures\Saved Pictures\11-06-25\restaurant\Resturant_Project\Base_App\views.py", line 65, in LoginView
    return render(request, 'login.html', {'form': form})
           ^^^^^^^^^^^^^^^^^^^^^^^^^^^^^^^^^^^^^^^^^^^^^
  File "C:\Users\venka\AppData\Local\Programs\Python\Python312\Lib\site-packages\django\shortcuts.py", line 24, in render
    content = loader.render_to_string(template_name, context, request, using=using)
              ^^^^^^^^^^^^^^^^^^^^^^^^^^^^^^^^^^^^^^^^^^^^^^^^^^^^^^^^^^^^^^^^^^^^^
  File "C:\Users\venka\AppData\Local\Programs\Python\Python312\Lib\site-packages\django\template\loader.py", line 61, in render_to_string
    template = get_template(template_name, using=using)
               ^^^^^^^^^^^^^^^^^^^^^^^^^^^^^^^^^^^^^^^^
  File "C:\Users\venka\AppData\Local\Programs\Python\Python312\Lib\site-packages\django\template\loader.py", line 15, in get_template
    return engine.get_template(template_name)
           ^^^^^^^^^^^^^^^^^^^^^^^^^^^^^^^^^^
  File "C:\Users\venka\AppData\Local\Programs\Python\Python312\Lib\site-packages\django\template\backends\django.py", line 33, in get_template
    return Template(self.engine.get_template(template_name), self)
                    ^^^^^^^^^^^^^^^^^^^^^^^^^^^^^^^^^^^^^^^
  File "C:\Users\venka\AppData\Local\Programs\Python\Python312\Lib\site-packages\django\template\engine.py", line 175, in get_template
    template, origin = self.find_template(template_name)
                       ^^^^^^^^^^^^^^^^^^^^^^^^^^^^^^^^^
  File "C:\Users\venka\AppData\Local\Programs\Python\Python312\Lib\site-packages\django\template\engine.py", line 157, in find_template
    template = loader.get_template(name, skip=skip)
               ^^^^^^^^^^^^^^^^^^^^^^^^^^^^^^^^^^^^
  File "C:\Users\venka\AppData\Local\Programs\Python\Python312\Lib\site-packages\django\template\loaders\cached.py", line 57, in get_template
    template = super().get_template(template_name, skip)
               ^^^^^^^^^^^^^^^^^^^^^^^^^^^^^^^^^^^^^^^^^
  File "C:\Users\venka\AppData\Local\Programs\Python\Python312\Lib\site-packages\django\template\loaders\base.py", line 28, in get_template
    return Template(
           ^^^^^^^^^
  File "C:\Users\venka\AppData\Local\Programs\Python\Python312\Lib\site-packages\django\template\base.py", line 154, in __init__
    self.nodelist = self.compile_nodelist()
                    ^^^^^^^^^^^^^^^^^^^^^^^
  File "C:\Users\venka\AppData\Local\Programs\Python\Python312\Lib\site-packages\django\template\base.py", line 196, in compile_nodelist
    return parser.parse()
           ^^^^^^^^^^^^^^
  File "C:\Users\venka\AppData\Local\Programs\Python\Python312\Lib\site-packages\django\template\base.py", line 510, in parse
    raise self.error(token, e)
  File "C:\Users\venka\AppData\Local\Programs\Python\Python312\Lib\site-packages\django\template\base.py", line 508, in parse
    compiled_result = compile_func(self, token)
                      ^^^^^^^^^^^^^^^^^^^^^^^^^
  File "C:\Users\venka\AppData\Local\Programs\Python\Python312\Lib\site-packages\django\template\loader_tags.py", line 295, in do_extends
    nodelist = parser.parse()
               ^^^^^^^^^^^^^^
  File "C:\Users\venka\AppData\Local\Programs\Python\Python312\Lib\site-packages\django\template\base.py", line 510, in parse
    raise self.error(token, e)
  File "C:\Users\venka\AppData\Local\Programs\Python\Python312\Lib\site-packages\django\template\base.py", line 508, in parse
    compiled_result = compile_func(self, token)
                      ^^^^^^^^^^^^^^^^^^^^^^^^^
  File "C:\Users\venka\AppData\Local\Programs\Python\Python312\Lib\site-packages\django\template\loader_tags.py", line 234, in do_block
    nodelist = parser.parse(("endblock",))
               ^^^^^^^^^^^^^^^^^^^^^^^^^^^
  File "C:\Users\venka\AppData\Local\Programs\Python\Python312\Lib\site-packages\django\template\base.py", line 510, in parse
    raise self.error(token, e)
  File "C:\Users\venka\AppData\Local\Programs\Python\Python312\Lib\site-packages\django\template\base.py", line 508, in parse
    compiled_result = compile_func(self, token)
                      ^^^^^^^^^^^^^^^^^^^^^^^^^
  File "C:\Users\venka\AppData\Local\Programs\Python\Python312\Lib\site-packages\django\template\loader_tags.py", line 295, in do_extends
    nodelist = parser.parse()
               ^^^^^^^^^^^^^^
  File "C:\Users\venka\AppData\Local\Programs\Python\Python312\Lib\site-packages\django\template\base.py", line 510, in parse
    raise self.error(token, e)
  File "C:\Users\venka\AppData\Local\Programs\Python\Python312\Lib\site-packages\django\template\base.py", line 508, in parse
    compiled_result = compile_func(self, token)
                      ^^^^^^^^^^^^^^^^^^^^^^^^^
  File "C:\Users\venka\AppData\Local\Programs\Python\Python312\Lib\site-packages\django\template\loader_tags.py", line 228, in do_block
    raise TemplateSyntaxError(
django.template.exceptions.TemplateSyntaxError: 'block' tag with name 'class' appears more than once
ERROR 2026-04-02 18:14:30,198 basehttp 53984 48512 "GET /login/ HTTP/1.1" 500 274428
INFO 2026-04-02 18:14:47,561 basehttp 53984 48512 "GET /get-cart-count/ HTTP/1.1" 200 39
INFO 2026-04-02 18:14:49,835 basehttp 53984 48512 "GET /menu/ HTTP/1.1" 200 28560
INFO 2026-04-02 18:14:50,832 basehttp 53984 48512 "GET /get-cart-count/ HTTP/1.1" 200 39
INFO 2026-04-02 18:14:53,941 basehttp 53984 48512 "POST /add-to-cart/7/ HTTP/1.1" 302 0
ERROR 2026-04-02 18:14:54,083 log 53984 48512 Internal Server Error: /login/
Traceback (most recent call last):
  File "C:\Users\venka\AppData\Local\Programs\Python\Python312\Lib\site-packages\django\core\handlers\exception.py", line 55, in inner
    response = get_response(request)
               ^^^^^^^^^^^^^^^^^^^^^
  File "C:\Users\venka\AppData\Local\Programs\Python\Python312\Lib\site-packages\django\core\handlers\base.py", line 197, in _get_response
    response = wrapped_callback(request, *callback_args, **callback_kwargs)
               ^^^^^^^^^^^^^^^^^^^^^^^^^^^^^^^^^^^^^^^^^^^^^^^^^^^^^^^^^^^^
  File "C:\Users\venka\AppData\Local\Programs\Python\Python312\Lib\site-packages\django\views\decorators\http.py", line 63, in inner
    return func(request, *args, **kwargs)
           ^^^^^^^^^^^^^^^^^^^^^^^^^^^^^^
  File "C:\Users\venka\OneDrive\Pictures\Saved Pictures\11-06-25\restaurant\Resturant_Project\Base_App\views.py", line 65, in LoginView
    return render(request, 'login.html', {'form': form})
           ^^^^^^^^^^^^^^^^^^^^^^^^^^^^^^^^^^^^^^^^^^^^^
  File "C:\Users\venka\AppData\Local\Programs\Python\Python312\Lib\site-packages\django\shortcuts.py", line 24, in render
    content = loader.render_to_string(template_name, context, request, using=using)
              ^^^^^^^^^^^^^^^^^^^^^^^^^^^^^^^^^^^^^^^^^^^^^^^^^^^^^^^^^^^^^^^^^^^^^
  File "C:\Users\venka\AppData\Local\Programs\Python\Python312\Lib\site-packages\django\template\loader.py", line 61, in render_to_string
    template = get_template(template_name, using=using)
               ^^^^^^^^^^^^^^^^^^^^^^^^^^^^^^^^^^^^^^^^
  File "C:\Users\venka\AppData\Local\Programs\Python\Python312\Lib\site-packages\django\template\loader.py", line 15, in get_template
    return engine.get_template(template_name)
           ^^^^^^^^^^^^^^^^^^^^^^^^^^^^^^^^^^
  File "C:\Users\venka\AppData\Local\Programs\Python\Python312\Lib\site-packages\django\template\backends\django.py", line 33, in get_template
    return Template(self.engine.get_template(template_name), self)
                    ^^^^^^^^^^^^^^^^^^^^^^^^^^^^^^^^^^^^^^^
  File "C:\Users\venka\AppData\Local\Programs\Python\Python312\Lib\site-packages\django\template\engine.py", line 175, in get_template
    template, origin = self.find_template(template_name)
                       ^^^^^^^^^^^^^^^^^^^^^^^^^^^^^^^^^
  File "C:\Users\venka\AppData\Local\Programs\Python\Python312\Lib\site-packages\django\template\engine.py", line 157, in find_template
    template = loader.get_template(name, skip=skip)
               ^^^^^^^^^^^^^^^^^^^^^^^^^^^^^^^^^^^^
  File "C:\Users\venka\AppData\Local\Programs\Python\Python312\Lib\site-packages\django\template\loaders\cached.py", line 57, in get_template
    template = super().get_template(template_name, skip)
               ^^^^^^^^^^^^^^^^^^^^^^^^^^^^^^^^^^^^^^^^^
  File "C:\Users\venka\AppData\Local\Programs\Python\Python312\Lib\site-packages\django\template\loaders\base.py", line 28, in get_template
    return Template(
           ^^^^^^^^^
  File "C:\Users\venka\AppData\Local\Programs\Python\Python312\Lib\site-packages\django\template\base.py", line 154, in __init__
    self.nodelist = self.compile_nodelist()
                    ^^^^^^^^^^^^^^^^^^^^^^^
  File "C:\Users\venka\AppData\Local\Programs\Python\Python312\Lib\site-packages\django\template\base.py", line 196, in compile_nodelist
    return parser.parse()
           ^^^^^^^^^^^^^^
  File "C:\Users\venka\AppData\Local\Programs\Python\Python312\Lib\site-packages\django\template\base.py", line 510, in parse
    raise self.error(token, e)
  File "C:\Users\venka\AppData\Local\Programs\Python\Python312\Lib\site-packages\django\template\base.py", line 508, in parse
    compiled_result = compile_func(self, token)
                      ^^^^^^^^^^^^^^^^^^^^^^^^^
  File "C:\Users\venka\AppData\Local\Programs\Python\Python312\Lib\site-packages\django\template\loader_tags.py", line 295, in do_extends
    nodelist = parser.parse()
               ^^^^^^^^^^^^^^
  File "C:\Users\venka\AppData\Local\Programs\Python\Python312\Lib\site-packages\django\template\base.py", line 510, in parse
    raise self.error(token, e)
  File "C:\Users\venka\AppData\Local\Programs\Python\Python312\Lib\site-packages\django\template\base.py", line 508, in parse
    compiled_result = compile_func(self, token)
                      ^^^^^^^^^^^^^^^^^^^^^^^^^
  File "C:\Users\venka\AppData\Local\Programs\Python\Python312\Lib\site-packages\django\template\loader_tags.py", line 234, in do_block
    nodelist = parser.parse(("endblock",))
               ^^^^^^^^^^^^^^^^^^^^^^^^^^^
  File "C:\Users\venka\AppData\Local\Programs\Python\Python312\Lib\site-packages\django\template\base.py", line 510, in parse
    raise self.error(token, e)
  File "C:\Users\venka\AppData\Local\Programs\Python\Python312\Lib\site-packages\django\template\base.py", line 508, in parse
    compiled_result = compile_func(self, token)
                      ^^^^^^^^^^^^^^^^^^^^^^^^^
  File "C:\Users\venka\AppData\Local\Programs\Python\Python312\Lib\site-packages\django\template\loader_tags.py", line 295, in do_extends
    nodelist = parser.parse()
               ^^^^^^^^^^^^^^
  File "C:\Users\venka\AppData\Local\Programs\Python\Python312\Lib\site-packages\django\template\base.py", line 510, in parse
    raise self.error(token, e)
  File "C:\Users\venka\AppData\Local\Programs\Python\Python312\Lib\site-packages\django\template\base.py", line 508, in parse
    compiled_result = compile_func(self, token)
                      ^^^^^^^^^^^^^^^^^^^^^^^^^
  File "C:\Users\venka\AppData\Local\Programs\Python\Python312\Lib\site-packages\django\template\loader_tags.py", line 228, in do_block
    raise TemplateSyntaxError(
django.template.exceptions.TemplateSyntaxError: 'block' tag with name 'class' appears more than once
ERROR 2026-04-02 18:14:54,091 basehttp 53984 48512 "GET /login/?next=/add-to-cart/7/ HTTP/1.1" 500 274656
INFO 2026-04-02 18:14:56,646 basehttp 53984 48512 "GET /get-cart-count/ HTTP/1.1" 200 39
INFO 2026-04-02 18:15:00,540 basehttp 53984 48512 "GET /get-cart-count/ HTTP/1.1" 200 39
ERROR 2026-04-02 18:15:01,105 views 53984 48512 Error in AboutView: 'AboutUs' object is not iterable
INFO 2026-04-02 18:15:01,110 basehttp 53984 48512 "GET /about/ HTTP/1.1" 200 8414
INFO 2026-04-02 18:15:01,308 basehttp 53984 48512 "GET /get-cart-count/ HTTP/1.1" 200 39
INFO 2026-04-02 18:15:02,998 basehttp 53984 48512 "GET /book-table/ HTTP/1.1" 302 0
ERROR 2026-04-02 18:15:03,126 log 53984 48512 Internal Server Error: /login/
Traceback (most recent call last):
  File "C:\Users\venka\AppData\Local\Programs\Python\Python312\Lib\site-packages\django\core\handlers\exception.py", line 55, in inner
    response = get_response(request)
               ^^^^^^^^^^^^^^^^^^^^^
  File "C:\Users\venka\AppData\Local\Programs\Python\Python312\Lib\site-packages\django\core\handlers\base.py", line 197, in _get_response
    response = wrapped_callback(request, *callback_args, **callback_kwargs)
               ^^^^^^^^^^^^^^^^^^^^^^^^^^^^^^^^^^^^^^^^^^^^^^^^^^^^^^^^^^^^
  File "C:\Users\venka\AppData\Local\Programs\Python\Python312\Lib\site-packages\django\views\decorators\http.py", line 63, in inner
    return func(request, *args, **kwargs)
           ^^^^^^^^^^^^^^^^^^^^^^^^^^^^^^
  File "C:\Users\venka\OneDrive\Pictures\Saved Pictures\11-06-25\restaurant\Resturant_Project\Base_App\views.py", line 65, in LoginView
    return render(request, 'login.html', {'form': form})
           ^^^^^^^^^^^^^^^^^^^^^^^^^^^^^^^^^^^^^^^^^^^^^
  File "C:\Users\venka\AppData\Local\Programs\Python\Python312\Lib\site-packages\django\shortcuts.py", line 24, in render
    content = loader.render_to_string(template_name, context, request, using=using)
              ^^^^^^^^^^^^^^^^^^^^^^^^^^^^^^^^^^^^^^^^^^^^^^^^^^^^^^^^^^^^^^^^^^^^^
  File "C:\Users\venka\AppData\Local\Programs\Python\Python312\Lib\site-packages\django\template\loader.py", line 61, in render_to_string
    template = get_template(template_name, using=using)
               ^^^^^^^^^^^^^^^^^^^^^^^^^^^^^^^^^^^^^^^^
  File "C:\Users\venka\AppData\Local\Programs\Python\Python312\Lib\site-packages\django\template\loader.py", line 15, in get_template
    return engine.get_template(template_name)
           ^^^^^^^^^^^^^^^^^^^^^^^^^^^^^^^^^^
  File "C:\Users\venka\AppData\Local\Programs\Python\Python312\Lib\site-packages\django\template\backends\django.py", line 33, in get_template
    return Template(self.engine.get_template(template_name), self)
                    ^^^^^^^^^^^^^^^^^^^^^^^^^^^^^^^^^^^^^^^
  File "C:\Users\venka\AppData\Local\Programs\Python\Python312\Lib\site-packages\django\template\engine.py", line 175, in get_template
    template, origin = self.find_template(template_name)
                       ^^^^^^^^^^^^^^^^^^^^^^^^^^^^^^^^^
  File "C:\Users\venka\AppData\Local\Programs\Python\Python312\Lib\site-packages\django\template\engine.py", line 157, in find_template
    template = loader.get_template(name, skip=skip)
               ^^^^^^^^^^^^^^^^^^^^^^^^^^^^^^^^^^^^
  File "C:\Users\venka\AppData\Local\Programs\Python\Python312\Lib\site-packages\django\template\loaders\cached.py", line 57, in get_template
    template = super().get_template(template_name, skip)
               ^^^^^^^^^^^^^^^^^^^^^^^^^^^^^^^^^^^^^^^^^
  File "C:\Users\venka\AppData\Local\Programs\Python\Python312\Lib\site-packages\django\template\loaders\base.py", line 28, in get_template
    return Template(
           ^^^^^^^^^
  File "C:\Users\venka\AppData\Local\Programs\Python\Python312\Lib\site-packages\django\template\base.py", line 154, in __init__
    self.nodelist = self.compile_nodelist()
                    ^^^^^^^^^^^^^^^^^^^^^^^
  File "C:\Users\venka\AppData\Local\Programs\Python\Python312\Lib\site-packages\django\template\base.py", line 196, in compile_nodelist
    return parser.parse()
           ^^^^^^^^^^^^^^
  File "C:\Users\venka\AppData\Local\Programs\Python\Python312\Lib\site-packages\django\template\base.py", line 510, in parse
    raise self.error(token, e)
  File "C:\Users\venka\AppData\Local\Programs\Python\Python312\Lib\site-packages\django\template\base.py", line 508, in parse
    compiled_result = compile_func(self, token)
                      ^^^^^^^^^^^^^^^^^^^^^^^^^
  File "C:\Users\venka\AppData\Local\Programs\Python\Python312\Lib\site-packages\django\template\loader_tags.py", line 295, in do_extends
    nodelist = parser.parse()
               ^^^^^^^^^^^^^^
  File "C:\Users\venka\AppData\Local\Programs\Python\Python312\Lib\site-packages\django\template\base.py", line 510, in parse
    raise self.error(token, e)
  File "C:\Users\venka\AppData\Local\Programs\Python\Python312\Lib\site-packages\django\template\base.py", line 508, in parse
    compiled_result = compile_func(self, token)
                      ^^^^^^^^^^^^^^^^^^^^^^^^^
  File "C:\Users\venka\AppData\Local\Programs\Python\Python312\Lib\site-packages\django\template\loader_tags.py", line 234, in do_block
    nodelist = parser.parse(("endblock",))
               ^^^^^^^^^^^^^^^^^^^^^^^^^^^
  File "C:\Users\venka\AppData\Local\Programs\Python\Python312\Lib\site-packages\django\template\base.py", line 510, in parse
    raise self.error(token, e)
  File "C:\Users\venka\AppData\Local\Programs\Python\Python312\Lib\site-packages\django\template\base.py", line 508, in parse
    compiled_result = compile_func(self, token)
                      ^^^^^^^^^^^^^^^^^^^^^^^^^
  File "C:\Users\venka\AppData\Local\Programs\Python\Python312\Lib\site-packages\django\template\loader_tags.py", line 295, in do_extends
    nodelist = parser.parse()
               ^^^^^^^^^^^^^^
  File "C:\Users\venka\AppData\Local\Programs\Python\Python312\Lib\site-packages\django\template\base.py", line 510, in parse
    raise self.error(token, e)
  File "C:\Users\venka\AppData\Local\Programs\Python\Python312\Lib\site-packages\django\template\base.py", line 508, in parse
    compiled_result = compile_func(self, token)
                      ^^^^^^^^^^^^^^^^^^^^^^^^^
  File "C:\Users\venka\AppData\Local\Programs\Python\Python312\Lib\site-packages\django\template\loader_tags.py", line 228, in do_block
    raise TemplateSyntaxError(
django.template.exceptions.TemplateSyntaxError: 'block' tag with name 'class' appears more than once
ERROR 2026-04-02 18:15:03,134 basehttp 53984 48512 "GET /login/?next=/book-table/ HTTP/1.1" 500 275158
INFO 2026-04-02 18:21:56,468 autoreload 51960 49940 Watching for file changes with StatReloader
INFO 2026-04-02 18:22:01,026 basehttp 51960 49648 "GET / HTTP/1.1" 200 18800
INFO 2026-04-02 18:22:02,523 basehttp 51960 49648 "GET /get-cart-count/ HTTP/1.1" 200 39
ERROR 2026-04-02 18:22:03,125 log 51960 49648 Internal Server Error: /login/
Traceback (most recent call last):
  File "C:\Users\venka\AppData\Local\Programs\Python\Python312\Lib\site-packages\django\core\handlers\exception.py", line 55, in inner
    response = get_response(request)
               ^^^^^^^^^^^^^^^^^^^^^
  File "C:\Users\venka\AppData\Local\Programs\Python\Python312\Lib\site-packages\django\core\handlers\base.py", line 197, in _get_response
    response = wrapped_callback(request, *callback_args, **callback_kwargs)
               ^^^^^^^^^^^^^^^^^^^^^^^^^^^^^^^^^^^^^^^^^^^^^^^^^^^^^^^^^^^^
  File "C:\Users\venka\AppData\Local\Programs\Python\Python312\Lib\site-packages\django\views\decorators\http.py", line 63, in inner
    return func(request, *args, **kwargs)
           ^^^^^^^^^^^^^^^^^^^^^^^^^^^^^^
  File "C:\Users\venka\OneDrive\Pictures\Saved Pictures\11-06-25\restaurant\Resturant_Project\Base_App\views.py", line 65, in LoginView
    return render(request, 'login.html', {'form': form})
           ^^^^^^^^^^^^^^^^^^^^^^^^^^^^^^^^^^^^^^^^^^^^^
  File "C:\Users\venka\AppData\Local\Programs\Python\Python312\Lib\site-packages\django\shortcuts.py", line 24, in render
    content = loader.render_to_string(template_name, context, request, using=using)
              ^^^^^^^^^^^^^^^^^^^^^^^^^^^^^^^^^^^^^^^^^^^^^^^^^^^^^^^^^^^^^^^^^^^^^
  File "C:\Users\venka\AppData\Local\Programs\Python\Python312\Lib\site-packages\django\template\loader.py", line 61, in render_to_string
    template = get_template(template_name, using=using)
               ^^^^^^^^^^^^^^^^^^^^^^^^^^^^^^^^^^^^^^^^
  File "C:\Users\venka\AppData\Local\Programs\Python\Python312\Lib\site-packages\django\template\loader.py", line 15, in get_template
    return engine.get_template(template_name)
           ^^^^^^^^^^^^^^^^^^^^^^^^^^^^^^^^^^
  File "C:\Users\venka\AppData\Local\Programs\Python\Python312\Lib\site-packages\django\template\backends\django.py", line 33, in get_template
    return Template(self.engine.get_template(template_name), self)
                    ^^^^^^^^^^^^^^^^^^^^^^^^^^^^^^^^^^^^^^^
  File "C:\Users\venka\AppData\Local\Programs\Python\Python312\Lib\site-packages\django\template\engine.py", line 175, in get_template
    template, origin = self.find_template(template_name)
                       ^^^^^^^^^^^^^^^^^^^^^^^^^^^^^^^^^
  File "C:\Users\venka\AppData\Local\Programs\Python\Python312\Lib\site-packages\django\template\engine.py", line 157, in find_template
    template = loader.get_template(name, skip=skip)
               ^^^^^^^^^^^^^^^^^^^^^^^^^^^^^^^^^^^^
  File "C:\Users\venka\AppData\Local\Programs\Python\Python312\Lib\site-packages\django\template\loaders\cached.py", line 57, in get_template
    template = super().get_template(template_name, skip)
               ^^^^^^^^^^^^^^^^^^^^^^^^^^^^^^^^^^^^^^^^^
  File "C:\Users\venka\AppData\Local\Programs\Python\Python312\Lib\site-packages\django\template\loaders\base.py", line 28, in get_template
    return Template(
           ^^^^^^^^^
  File "C:\Users\venka\AppData\Local\Programs\Python\Python312\Lib\site-packages\django\template\base.py", line 154, in __init__
    self.nodelist = self.compile_nodelist()
                    ^^^^^^^^^^^^^^^^^^^^^^^
  File "C:\Users\venka\AppData\Local\Programs\Python\Python312\Lib\site-packages\django\template\base.py", line 196, in compile_nodelist
    return parser.parse()
           ^^^^^^^^^^^^^^
  File "C:\Users\venka\AppData\Local\Programs\Python\Python312\Lib\site-packages\django\template\base.py", line 510, in parse
    raise self.error(token, e)
  File "C:\Users\venka\AppData\Local\Programs\Python\Python312\Lib\site-packages\django\template\base.py", line 508, in parse
    compiled_result = compile_func(self, token)
                      ^^^^^^^^^^^^^^^^^^^^^^^^^
  File "C:\Users\venka\AppData\Local\Programs\Python\Python312\Lib\site-packages\django\template\loader_tags.py", line 295, in do_extends
    nodelist = parser.parse()
               ^^^^^^^^^^^^^^
  File "C:\Users\venka\AppData\Local\Programs\Python\Python312\Lib\site-packages\django\template\base.py", line 510, in parse
    raise self.error(token, e)
  File "C:\Users\venka\AppData\Local\Programs\Python\Python312\Lib\site-packages\django\template\base.py", line 508, in parse
    compiled_result = compile_func(self, token)
                      ^^^^^^^^^^^^^^^^^^^^^^^^^
  File "C:\Users\venka\AppData\Local\Programs\Python\Python312\Lib\site-packages\django\template\loader_tags.py", line 234, in do_block
    nodelist = parser.parse(("endblock",))
               ^^^^^^^^^^^^^^^^^^^^^^^^^^^
  File "C:\Users\venka\AppData\Local\Programs\Python\Python312\Lib\site-packages\django\template\base.py", line 515, in parse
    self.unclosed_block_tag(parse_until)
  File "C:\Users\venka\AppData\Local\Programs\Python\Python312\Lib\site-packages\django\template\base.py", line 578, in unclosed_block_tag
    raise self.error(token, msg)
django.template.exceptions.TemplateSyntaxError: Unclosed tag on line 5: 'block'. Looking for one of: endblock.
ERROR 2026-04-02 18:22:03,135 basehttp 51960 49648 "GET /login/ HTTP/1.1" 500 189941
INFO 2026-04-02 18:34:52,805 autoreload 46736 37712 Watching for file changes with StatReloader
INFO 2026-04-02 18:34:59,358 basehttp 46736 2892 "GET / HTTP/1.1" 200 18800
INFO 2026-04-02 18:35:00,532 basehttp 46736 2892 "GET /get-cart-count/ HTTP/1.1" 200 39
INFO 2026-04-02 18:35:01,341 basehttp 46736 2892 "GET /login/ HTTP/1.1" 200 14551
INFO 2026-04-02 18:35:01,581 basehttp 46736 2892 "GET /get-cart-count/ HTTP/1.1" 200 39
INFO 2026-04-02 18:35:06,433 basehttp 46736 2892 "GET /get-cart-count/ HTTP/1.1" 200 39
INFO 2026-04-02 18:35:10,271 basehttp 46736 2892 "GET /book-table/ HTTP/1.1" 302 0
INFO 2026-04-02 18:35:10,295 basehttp 46736 2892 "GET /login/?next=/book-table/ HTTP/1.1" 200 14221
INFO 2026-04-02 18:35:10,435 basehttp 46736 2892 "GET /get-cart-count/ HTTP/1.1" 200 39
INFO 2026-04-02 18:35:12,144 basehttp 46736 2892 "GET /book-table/ HTTP/1.1" 302 0
INFO 2026-04-02 18:35:12,163 basehttp 46736 2892 "GET /login/?next=/book-table/ HTTP/1.1" 200 14221
INFO 2026-04-02 18:35:12,300 basehttp 46736 2892 "GET /get-cart-count/ HTTP/1.1" 200 39
INFO 2026-04-02 18:35:13,988 basehttp 46736 2892 "GET /book-table/ HTTP/1.1" 302 0
INFO 2026-04-02 18:35:14,011 basehttp 46736 2892 "GET /login/?next=/book-table/ HTTP/1.1" 200 14221
INFO 2026-04-02 18:35:14,150 basehttp 46736 2892 "GET /get-cart-count/ HTTP/1.1" 200 39
INFO 2026-04-02 18:35:14,732 basehttp 46736 2892 "GET /book-table/ HTTP/1.1" 302 0
INFO 2026-04-02 18:35:14,754 basehttp 46736 2892 "GET /login/?next=/book-table/ HTTP/1.1" 200 14221
INFO 2026-04-02 18:35:14,902 basehttp 46736 2892 "GET /get-cart-count/ HTTP/1.1" 200 39
ERROR 2026-04-02 18:35:15,485 views 46736 2892 Error in AboutView: 'AboutUs' object is not iterable
INFO 2026-04-02 18:35:15,488 basehttp 46736 2892 "GET /about/ HTTP/1.1" 200 8414
INFO 2026-04-02 18:35:15,632 basehttp 46736 2892 "GET /get-cart-count/ HTTP/1.1" 200 39
INFO 2026-04-02 18:35:16,939 basehttp 46736 2892 "GET /menu/ HTTP/1.1" 200 28560
INFO 2026-04-02 18:35:18,711 basehttp 46736 2892 "GET /get-cart-count/ HTTP/1.1" 200 39
INFO 2026-04-02 18:35:22,629 basehttp 46736 2892 "GET /get-cart-count/ HTTP/1.1" 200 39
INFO 2026-04-02 18:35:28,475 basehttp 46736 2892 "GET /get-cart-count/ HTTP/1.1" 200 39
INFO 2026-04-02 18:35:33,479 basehttp 46736 2892 "GET /get-cart-count/ HTTP/1.1" 200 39
INFO 2026-04-02 18:35:38,472 basehttp 46736 2892 "GET /get-cart-count/ HTTP/1.1" 200 39
INFO 2026-04-02 18:35:43,484 basehttp 46736 2892 "GET /get-cart-count/ HTTP/1.1" 200 39
INFO 2026-04-02 18:35:48,483 basehttp 46736 2892 "GET /get-cart-count/ HTTP/1.1" 200 39
INFO 2026-04-02 18:35:53,477 basehttp 46736 2892 "GET /get-cart-count/ HTTP/1.1" 200 39
INFO 2026-04-02 18:35:58,486 basehttp 46736 2892 "GET /get-cart-count/ HTTP/1.1" 200 39
INFO 2026-04-02 18:36:03,477 basehttp 46736 2892 "GET /get-cart-count/ HTTP/1.1" 200 39
INFO 2026-04-02 18:36:08,490 basehttp 46736 2892 "GET /get-cart-count/ HTTP/1.1" 200 39
INFO 2026-04-02 18:36:13,482 basehttp 46736 2892 "GET /get-cart-count/ HTTP/1.1" 200 39
INFO 2026-04-02 18:36:18,480 basehttp 46736 2892 "GET /get-cart-count/ HTTP/1.1" 200 39
INFO 2026-04-02 18:36:23,478 basehttp 46736 2892 "GET /get-cart-count/ HTTP/1.1" 200 39
INFO 2026-04-02 18:36:36,484 basehttp 46736 2892 "GET /get-cart-count/ HTTP/1.1" 200 39
INFO 2026-04-02 18:37:36,478 basehttp 46736 2892 "GET /get-cart-count/ HTTP/1.1" 200 39
INFO 2026-04-02 18:38:36,475 basehttp 46736 2892 "GET /get-cart-count/ HTTP/1.1" 200 39
INFO 2026-04-02 18:39:36,484 basehttp 46736 2892 "GET /get-cart-count/ HTTP/1.1" 200 39
INFO 2026-04-02 18:40:14,133 basehttp 46736 2892 "GET /get-cart-count/ HTTP/1.1" 200 39
INFO 2026-04-02 18:40:17,686 basehttp 46736 2892 "GET /get-cart-count/ HTTP/1.1" 200 39
INFO 2026-04-02 18:40:23,480 basehttp 46736 2892 "GET /get-cart-count/ HTTP/1.1" 200 39
INFO 2026-04-02 18:40:28,478 basehttp 46736 2892 "GET /get-cart-count/ HTTP/1.1" 200 39
INFO 2026-04-02 18:40:33,472 basehttp 46736 2892 "GET /get-cart-count/ HTTP/1.1" 200 39
INFO 2026-04-02 18:40:38,483 basehttp 46736 2892 "GET /get-cart-count/ HTTP/1.1" 200 39
INFO 2026-04-02 18:40:43,488 basehttp 46736 2892 "GET /get-cart-count/ HTTP/1.1" 200 39
INFO 2026-04-02 18:40:48,488 basehttp 46736 2892 "GET /get-cart-count/ HTTP/1.1" 200 39
INFO 2026-04-02 18:40:53,483 basehttp 46736 2892 "GET /get-cart-count/ HTTP/1.1" 200 39
INFO 2026-04-02 18:40:58,481 basehttp 46736 2892 "GET /get-cart-count/ HTTP/1.1" 200 39
INFO 2026-04-02 18:41:03,477 basehttp 46736 2892 "GET /get-cart-count/ HTTP/1.1" 200 39
INFO 2026-04-02 18:41:08,489 basehttp 46736 2892 "GET /get-cart-count/ HTTP/1.1" 200 39
INFO 2026-04-02 18:41:13,485 basehttp 46736 2892 "GET /get-cart-count/ HTTP/1.1" 200 39
INFO 2026-04-02 18:41:18,474 basehttp 46736 2892 "GET /get-cart-count/ HTTP/1.1" 200 39
INFO 2026-04-02 18:41:36,485 basehttp 46736 2892 "GET /get-cart-count/ HTTP/1.1" 200 39
INFO 2026-04-02 18:42:36,487 basehttp 46736 50388 "GET /get-cart-count/ HTTP/1.1" 200 39
INFO 2026-04-02 18:43:36,491 basehttp 46736 52292 "GET /get-cart-count/ HTTP/1.1" 200 39
INFO 2026-04-02 18:44:36,479 basehttp 46736 53784 "GET /get-cart-count/ HTTP/1.1" 200 39
INFO 2026-04-02 18:56:29,968 autoreload 46736 37712 C:\Users\venka\OneDrive\Pictures\Saved Pictures\11-06-25\restaurant\Resturant_Project\Base_App\views.py changed, reloading.
INFO 2026-04-02 18:56:31,099 autoreload 9796 5520 Watching for file changes with StatReloader
INFO 2026-04-02 18:56:51,788 autoreload 51920 27340 Watching for file changes with StatReloader
INFO 2026-04-02 19:05:34,879 autoreload 51920 27340 C:\Users\venka\OneDrive\Pictures\Saved Pictures\11-06-25\restaurant\Resturant_Project\Base_App\views.py changed, reloading.
INFO 2026-04-02 19:05:36,104 autoreload 53768 53208 Watching for file changes with StatReloader
INFO 2026-04-02 19:27:53,983 autoreload 53768 53208 C:\Users\venka\OneDrive\Pictures\Saved Pictures\11-06-25\restaurant\Resturant_Project\Base_App\views.py changed, reloading.
INFO 2026-04-02 19:27:55,088 autoreload 8276 4012 Watching for file changes with StatReloader
INFO 2026-04-02 20:32:16,211 autoreload 8276 4012 C:\Users\venka\OneDrive\Pictures\Saved Pictures\11-06-25\restaurant\Resturant_Project\Base_App\views.py changed, reloading.
INFO 2026-04-02 20:32:17,496 autoreload 9840 50004 Watching for file changes with StatReloader
INFO 2026-04-02 20:32:21,447 autoreload 9840 50004 C:\Users\venka\OneDrive\Pictures\Saved Pictures\11-06-25\restaurant\Resturant_Project\Base_App\views.py changed, reloading.
INFO 2026-04-02 20:32:22,599 autoreload 26968 36256 Watching for file changes with StatReloader
INFO 2026-04-02 20:32:27,105 autoreload 26968 36256 C:\Users\venka\OneDrive\Pictures\Saved Pictures\11-06-25\restaurant\Resturant_Project\Base_App\views.py changed, reloading.
INFO 2026-04-02 20:32:28,273 autoreload 2256 47220 Watching for file changes with StatReloader
INFO 2026-04-02 20:32:35,993 autoreload 2256 47220 C:\Users\venka\OneDrive\Pictures\Saved Pictures\11-06-25\restaurant\Resturant_Project\Base_App\views.py changed, reloading.
INFO 2026-04-02 20:32:37,279 autoreload 53772 47772 Watching for file changes with StatReloader
INFO 2026-04-02 20:32:41,764 autoreload 53772 47772 C:\Users\venka\OneDrive\Pictures\Saved Pictures\11-06-25\restaurant\Resturant_Project\Base_App\views.py changed, reloading.
INFO 2026-04-02 20:32:42,918 autoreload 50644 9384 Watching for file changes with StatReloader
INFO 2026-04-02 20:32:48,329 autoreload 50644 9384 C:\Users\venka\OneDrive\Pictures\Saved Pictures\11-06-25\restaurant\Resturant_Project\Base_App\views.py changed, reloading.
INFO 2026-04-02 20:32:49,526 autoreload 50900 50948 Watching for file changes with StatReloader
INFO 2026-04-02 20:32:56,228 autoreload 50900 50948 C:\Users\venka\OneDrive\Pictures\Saved Pictures\11-06-25\restaurant\Resturant_Project\Base_App\views.py changed, reloading.
INFO 2026-04-02 20:32:57,387 autoreload 47668 48256 Watching for file changes with StatReloader
INFO 2026-04-02 20:33:01,817 autoreload 47668 48256 C:\Users\venka\OneDrive\Pictures\Saved Pictures\11-06-25\restaurant\Resturant_Project\Base_App\views.py changed, reloading.
INFO 2026-04-02 20:33:02,949 autoreload 29004 28992 Watching for file changes with StatReloader
INFO 2026-04-02 20:33:06,636 autoreload 29004 28992 C:\Users\venka\OneDrive\Pictures\Saved Pictures\11-06-25\restaurant\Resturant_Project\Base_App\views.py changed, reloading.
INFO 2026-04-02 20:33:07,753 autoreload 53800 51856 Watching for file changes with StatReloader
INFO 2026-04-02 20:33:15,347 autoreload 53800 51856 C:\Users\venka\OneDrive\Pictures\Saved Pictures\11-06-25\restaurant\Resturant_Project\Base_App\views.py changed, reloading.
INFO 2026-04-02 20:33:16,497 autoreload 48396 47640 Watching for file changes with StatReloader
INFO 2026-04-02 20:33:34,222 autoreload 49224 6828 Watching for file changes with StatReloader
INFO 2026-04-02 20:35:37,032 autoreload 49224 6828 C:\Users\venka\OneDrive\Pictures\Saved Pictures\11-06-25\restaurant\Resturant_Project\Base_App\views.py changed, reloading.
INFO 2026-04-02 20:35:38,277 autoreload 48140 44124 Watching for file changes with StatReloader
INFO 2026-04-02 20:35:43,477 basehttp 48140 42184 "GET / HTTP/1.1" 200 18800
INFO 2026-04-02 20:35:45,331 basehttp 48140 42184 "GET /get-cart-count/ HTTP/1.1" 200 39
INFO 2026-04-02 20:35:49,420 basehttp 48140 42184 "GET / HTTP/1.1" 200 18800
INFO 2026-04-02 20:35:49,430 basehttp 48140 44652 "GET /get-cart-count/ HTTP/1.1" 200 39
INFO 2026-04-02 20:35:49,703 basehttp 48140 44652 "GET /get-cart-count/ HTTP/1.1" 200 39
INFO 2026-04-02 20:35:52,661 basehttp 48140 44652 "GET /menu/ HTTP/1.1" 200 28560
INFO 2026-04-02 20:35:53,797 basehttp 48140 44652 "GET /get-cart-count/ HTTP/1.1" 200 39
INFO 2026-04-02 20:35:56,531 basehttp 48140 44652 "POST /add-to-cart/1/ HTTP/1.1" 302 0
INFO 2026-04-02 20:35:56,592 basehttp 48140 44652 "GET /login/?next=/add-to-cart/1/ HTTP/1.1" 200 14551
INFO 2026-04-02 20:36:00,038 basehttp 48140 44652 "GET /get-cart-count/ HTTP/1.1" 200 39
INFO 2026-04-02 20:36:01,689 basehttp 48140 44652 "GET /book-table/ HTTP/1.1" 302 0
INFO 2026-04-02 20:36:01,724 basehttp 48140 44652 "GET /login/?next=/book-table/ HTTP/1.1" 200 14221
INFO 2026-04-02 20:36:01,978 basehttp 48140 44652 "GET /get-cart-count/ HTTP/1.1" 200 39
INFO 2026-04-02 20:36:04,619 basehttp 48140 44652 "GET /book-table/ HTTP/1.1" 302 0
INFO 2026-04-02 20:36:04,653 basehttp 48140 44652 "GET /login/?next=/book-table/ HTTP/1.1" 200 14221
INFO 2026-04-02 20:36:04,854 basehttp 48140 44652 "GET /get-cart-count/ HTTP/1.1" 200 39
INFO 2026-04-02 20:36:09,782 basehttp 48140 42184 "GET /get-cart-count/ HTTP/1.1" 200 39
WARNING 2026-04-02 20:36:10,806 views 48140 44652 Login form validation failed: <ul class="errorlist"><li>__all__<ul class="errorlist nonfield"><li>Please enter a correct username and password. Note that both fields may be case-sensitive.</li></ul></li></ul>
INFO 2026-04-02 20:36:10,815 basehttp 48140 44652 "POST /login/ HTTP/1.1" 200 14939
INFO 2026-04-02 20:36:11,019 basehttp 48140 44652 "GET /get-cart-count/ HTTP/1.1" 200 39
INFO 2026-04-02 20:36:15,935 basehttp 48140 44652 "GET /get-cart-count/ HTTP/1.1" 200 39
INFO 2026-04-02 20:36:20,933 basehttp 48140 44652 "GET /get-cart-count/ HTTP/1.1" 200 39
WARNING 2026-04-02 20:36:23,198 views 48140 44652 Signup form validation failed: <ul class="errorlist"><li>password1<ul class="errorlist"><li>This field is required.</li></ul></li><li>password2<ul class="errorlist"><li>This field is required.</li></ul></li></ul>
INFO 2026-04-02 20:36:23,210 basehttp 48140 44652 "POST /signup/ HTTP/1.1" 200 15222
INFO 2026-04-02 20:36:23,433 basehttp 48140 44652 "GET /get-cart-count/ HTTP/1.1" 200 39
WARNING 2026-04-02 20:36:27,882 views 48140 44652 Login form validation failed: <ul class="errorlist"><li>password<ul class="errorlist"><li>This field is required.</li></ul></li></ul>
INFO 2026-04-02 20:36:27,894 basehttp 48140 44652 "POST /login/ HTTP/1.1" 200 14709
INFO 2026-04-02 20:36:28,081 basehttp 48140 44652 "GET /get-cart-count/ HTTP/1.1" 200 39
INFO 2026-04-02 20:36:32,995 basehttp 48140 44652 "GET /get-cart-count/ HTTP/1.1" 200 39
INFO 2026-04-02 20:36:37,996 basehttp 48140 44652 "GET /get-cart-count/ HTTP/1.1" 200 39
WARNING 2026-04-02 20:36:38,112 views 48140 44652 Signup form validation failed: <ul class="errorlist"><li>password1<ul class="errorlist"><li>This field is required.</li></ul></li><li>password2<ul class="errorlist"><li>This field is required.</li></ul></li></ul>
INFO 2026-04-02 20:36:38,128 basehttp 48140 44652 "POST /signup/ HTTP/1.1" 200 15208
INFO 2026-04-02 20:36:38,473 basehttp 48140 44652 "GET /get-cart-count/ HTTP/1.1" 200 39
INFO 2026-04-02 20:36:43,251 basehttp 48140 44652 "GET /get-cart-count/ HTTP/1.1" 200 39
WARNING 2026-04-02 20:36:44,441 views 48140 44652 Login form validation failed: <ul class="errorlist"><li>password<ul class="errorlist"><li>This field is required.</li></ul></li></ul>
INFO 2026-04-02 20:36:44,450 basehttp 48140 44652 "POST /login/ HTTP/1.1" 200 14695
INFO 2026-04-02 20:36:44,669 basehttp 48140 44652 "GET /get-cart-count/ HTTP/1.1" 200 39
INFO 2026-04-02 20:36:49,567 basehttp 48140 44652 "GET /get-cart-count/ HTTP/1.1" 200 39
WARNING 2026-04-02 20:36:51,945 views 48140 44652 Login form validation failed: <ul class="errorlist"><li>__all__<ul class="errorlist nonfield"><li>Please enter a correct username and password. Note that both fields may be case-sensitive.</li></ul></li></ul>
INFO 2026-04-02 20:36:51,955 basehttp 48140 44652 "POST /login/ HTTP/1.1" 200 14925
INFO 2026-04-02 20:36:52,159 basehttp 48140 44652 "GET /get-cart-count/ HTTP/1.1" 200 39
INFO 2026-04-02 20:36:57,063 basehttp 48140 44652 "GET /get-cart-count/ HTTP/1.1" 200 39
INFO 2026-04-02 20:37:02,065 basehttp 48140 44652 "GET /get-cart-count/ HTTP/1.1" 200 39
WARNING 2026-04-02 20:37:02,553 views 48140 44652 Signup form validation failed: <ul class="errorlist"><li>password1<ul class="errorlist"><li>This field is required.</li></ul></li><li>password2<ul class="errorlist"><li>This field is required.</li></ul></li></ul>
INFO 2026-04-02 20:37:02,563 basehttp 48140 44652 "POST /signup/ HTTP/1.1" 200 15208
INFO 2026-04-02 20:37:02,813 basehttp 48140 44652 "GET /get-cart-count/ HTTP/1.1" 200 39
WARNING 2026-04-02 20:37:05,731 views 48140 44652 Login form validation failed: <ul class="errorlist"><li>password<ul class="errorlist"><li>This field is required.</li></ul></li></ul>
INFO 2026-04-02 20:37:05,740 basehttp 48140 44652 "POST /login/ HTTP/1.1" 200 14695
INFO 2026-04-02 20:37:05,931 basehttp 48140 44652 "GET /get-cart-count/ HTTP/1.1" 200 39
INFO 2026-04-02 20:37:10,848 basehttp 48140 44652 "GET /get-cart-count/ HTTP/1.1" 200 39
WARNING 2026-04-02 20:37:13,178 views 48140 44652 Login form validation failed: <ul class="errorlist"><li>__all__<ul class="errorlist nonfield"><li>Please enter a correct username and password. Note that both fields may be case-sensitive.</li></ul></li></ul>
INFO 2026-04-02 20:37:13,187 basehttp 48140 44652 "POST /login/ HTTP/1.1" 200 14925
INFO 2026-04-02 20:37:13,396 basehttp 48140 44652 "GET /get-cart-count/ HTTP/1.1" 200 39
INFO 2026-04-02 20:37:18,329 basehttp 48140 44652 "GET /get-cart-count/ HTTP/1.1" 200 39
INFO 2026-04-02 20:37:21,441 basehttp 48140 44652 "GET /book-table/ HTTP/1.1" 302 0
INFO 2026-04-02 20:37:21,475 basehttp 48140 44652 "GET /login/?next=/book-table/ HTTP/1.1" 200 14221
INFO 2026-04-02 20:37:21,685 basehttp 48140 44652 "GET /get-cart-count/ HTTP/1.1" 200 39
INFO 2026-04-02 20:37:22,868 basehttp 48140 44652 "GET /feedback/ HTTP/1.1" 302 0
INFO 2026-04-02 20:37:22,896 basehttp 48140 44652 "GET /login/?next=/feedback/ HTTP/1.1" 200 14221
INFO 2026-04-02 20:37:23,099 basehttp 48140 44652 "GET /get-cart-count/ HTTP/1.1" 200 39
INFO 2026-04-02 20:37:24,844 basehttp 48140 44652 "GET /book-table/ HTTP/1.1" 302 0
INFO 2026-04-02 20:37:24,872 basehttp 48140 44652 "GET /login/?next=/book-table/ HTTP/1.1" 200 14221
INFO 2026-04-02 20:37:25,051 basehttp 48140 44652 "GET /get-cart-count/ HTTP/1.1" 200 39
ERROR 2026-04-02 20:37:25,762 views 48140 44652 Error in AboutView: 'AboutUs' object is not iterable
INFO 2026-04-02 20:37:25,767 basehttp 48140 44652 "GET /about/ HTTP/1.1" 200 8414
INFO 2026-04-02 20:37:25,942 basehttp 48140 44652 "GET /get-cart-count/ HTTP/1.1" 200 39
INFO 2026-04-02 20:37:31,481 basehttp 48140 44652 "GET /get-cart-count/ HTTP/1.1" 200 39
INFO 2026-04-02 20:37:35,875 basehttp 48140 44652 "GET /get-cart-count/ HTTP/1.1" 200 39
INFO 2026-04-02 20:37:41,017 basehttp 48140 44652 "GET /get-cart-count/ HTTP/1.1" 200 39
INFO 2026-04-02 20:37:41,487 basehttp 48140 44652 "GET /get-cart-count/ HTTP/1.1" 200 39
INFO 2026-04-03 08:17:46,883 autoreload 53956 54056 Watching for file changes with StatReloader
INFO 2026-04-03 08:17:57,370 basehttp 53956 4292 "GET / HTTP/1.1" 200 18800
INFO 2026-04-03 08:17:59,853 basehttp 53956 4292 "GET /get-cart-count/ HTTP/1.1" 200 39
INFO 2026-04-03 08:18:03,639 basehttp 53956 4292 "GET /get-cart-count/ HTTP/1.1" 200 39
INFO 2026-04-03 08:18:03,914 basehttp 53956 4292 "GET /cart/ HTTP/1.1" 200 19692
INFO 2026-04-03 08:18:04,952 basehttp 53956 4292 "GET /get-cart-count/ HTTP/1.1" 200 39
INFO 2026-04-03 08:18:09,800 views 53956 4292 Item 2 removed from cart
INFO 2026-04-03 08:18:09,807 basehttp 53956 4292 "POST /remove-from-cart/2/ HTTP/1.1" 200 110
INFO 2026-04-03 08:18:09,814 basehttp 53956 10948 "GET /get-cart-count/ HTTP/1.1" 200 38
INFO 2026-04-03 08:18:14,157 basehttp 53956 10948 "GET /get-cart-count/ HTTP/1.1" 200 38
INFO 2026-04-03 08:18:16,139 views 53956 10948 Item 1 removed from cart
INFO 2026-04-03 08:18:16,146 basehttp 53956 10948 "POST /remove-from-cart/1/ HTTP/1.1" 200 110
INFO 2026-04-03 08:18:16,690 basehttp 53956 10948 "GET /cart/ HTTP/1.1" 200 12647
INFO 2026-04-03 08:18:17,017 basehttp 53956 10948 "GET /get-cart-count/ HTTP/1.1" 200 37
INFO 2026-04-03 08:18:20,817 basehttp 53956 10948 "GET /book-table/ HTTP/1.1" 302 0
INFO 2026-04-03 08:18:20,870 basehttp 53956 10948 "GET /login/?next=/book-table/ HTTP/1.1" 200 14221
INFO 2026-04-03 08:18:21,100 basehttp 53956 10948 "GET /get-cart-count/ HTTP/1.1" 200 37
INFO 2026-04-03 08:18:25,961 basehttp 53956 10948 "GET /get-cart-count/ HTTP/1.1" 200 37
INFO 2026-04-03 08:18:31,915 basehttp 53956 10948 "GET /get-cart-count/ HTTP/1.1" 200 37
INFO 2026-04-03 08:18:35,961 basehttp 53956 10948 "GET /get-cart-count/ HTTP/1.1" 200 37
INFO 2026-04-03 08:18:41,917 basehttp 53956 10948 "GET /get-cart-count/ HTTP/1.1" 200 37
INFO 2026-04-03 08:18:46,905 basehttp 53956 10948 "GET /get-cart-count/ HTTP/1.1" 200 37
INFO 2026-04-03 08:18:51,915 basehttp 53956 10948 "GET /get-cart-count/ HTTP/1.1" 200 37
INFO 2026-04-03 08:18:56,919 basehttp 53956 10948 "GET /get-cart-count/ HTTP/1.1" 200 37
INFO 2026-04-03 08:19:01,909 basehttp 53956 10948 "GET /get-cart-count/ HTTP/1.1" 200 37
INFO 2026-04-03 08:19:06,915 basehttp 53956 10948 "GET /get-cart-count/ HTTP/1.1" 200 37
INFO 2026-04-03 08:19:11,908 basehttp 53956 10948 "GET /get-cart-count/ HTTP/1.1" 200 37
INFO 2026-04-03 08:19:16,910 basehttp 53956 10948 "GET /get-cart-count/ HTTP/1.1" 200 37
INFO 2026-04-03 08:19:21,914 basehttp 53956 10948 "GET /get-cart-count/ HTTP/1.1" 200 37
INFO 2026-04-03 08:19:26,915 basehttp 53956 10948 "GET /get-cart-count/ HTTP/1.1" 200 37
INFO 2026-04-03 08:19:31,906 basehttp 53956 10948 "GET /get-cart-count/ HTTP/1.1" 200 37
INFO 2026-04-03 08:19:56,025 basehttp 53956 10948 "GET /get-cart-count/ HTTP/1.1" 200 37
INFO 2026-04-03 08:57:42,638 autoreload 53956 54056 C:\Users\venka\OneDrive\Pictures\Saved Pictures\11-06-25\restaurant\Resturant_Project\Base_App\models.py changed, reloading.
INFO 2026-04-03 08:57:44,018 autoreload 24508 52180 Watching for file changes with StatReloader
INFO 2026-04-03 08:57:58,775 autoreload 24508 52180 C:\Users\venka\OneDrive\Pictures\Saved Pictures\11-06-25\restaurant\Resturant_Project\Base_App\models.py changed, reloading.
INFO 2026-04-03 08:57:59,702 autoreload 53608 45360 Watching for file changes with StatReloader
INFO 2026-04-03 08:58:03,402 autoreload 53608 45360 C:\Users\venka\OneDrive\Pictures\Saved Pictures\11-06-25\restaurant\Resturant_Project\Base_App\models.py changed, reloading.
INFO 2026-04-03 08:58:04,425 autoreload 34648 39244 Watching for file changes with StatReloader
INFO 2026-04-03 08:58:25,354 autoreload 34648 39244 C:\Users\venka\OneDrive\Pictures\Saved Pictures\11-06-25\restaurant\Resturant_Project\Resturant_Project\urls.py changed, reloading.
INFO 2026-04-03 08:58:26,395 autoreload 47456 4632 Watching for file changes with StatReloader
INFO 2026-04-03 08:59:02,505 autoreload 47456 4632 C:\Users\venka\OneDrive\Pictures\Saved Pictures\11-06-25\restaurant\Resturant_Project\Base_App\views.py changed, reloading.
INFO 2026-04-03 08:59:03,432 autoreload 43420 11200 Watching for file changes with StatReloader
INFO 2026-04-03 09:00:52,673 autoreload 43420 11200 C:\Users\venka\OneDrive\Pictures\Saved Pictures\11-06-25\restaurant\Resturant_Project\Base_App\views.py changed, reloading.
INFO 2026-04-03 09:00:53,627 autoreload 4268 49720 Watching for file changes with StatReloader
INFO 2026-04-03 09:08:17,340 autoreload 4268 49720 C:\Users\venka\OneDrive\Pictures\Saved Pictures\11-06-25\restaurant\Resturant_Project\Resturant_Project\urls.py changed, reloading.
INFO 2026-04-03 09:08:18,393 autoreload 7532 37660 Watching for file changes with StatReloader
INFO 2026-04-03 09:09:01,376 autoreload 7532 37660 C:\Users\venka\OneDrive\Pictures\Saved Pictures\11-06-25\restaurant\Resturant_Project\Base_App\models.py changed, reloading.
INFO 2026-04-03 09:09:02,374 autoreload 32408 30516 Watching for file changes with StatReloader
INFO 2026-04-03 09:09:34,662 autoreload 7224 44132 Watching for file changes with StatReloader
INFO 2026-04-03 09:14:15,831 autoreload 7224 44132 C:\Users\venka\OneDrive\Pictures\Saved Pictures\11-06-25\restaurant\Resturant_Project\Base_App\models.py changed, reloading.
INFO 2026-04-03 09:14:16,823 autoreload 44608 53580 Watching for file changes with StatReloader
INFO 2026-04-03 09:14:21,903 basehttp 44608 37140 "GET / HTTP/1.1" 200 18800
INFO 2026-04-03 09:14:23,184 basehttp 44608 37140 "GET /get-cart-count/ HTTP/1.1" 200 37
INFO 2026-04-03 09:14:27,466 basehttp 44608 37140 "GET /get-cart-count/ HTTP/1.1" 200 37
INFO 2026-04-03 09:14:28,898 basehttp 44608 37140 "GET /menu/ HTTP/1.1" 200 28560
INFO 2026-04-03 09:14:30,838 basehttp 44608 37140 "GET /get-cart-count/ HTTP/1.1" 200 37
INFO 2026-04-03 09:14:35,087 basehttp 44608 37140 "GET /get-cart-count/ HTTP/1.1" 200 37
ERROR 2026-04-03 09:14:39,492 views 44608 37140 Error in AboutView: 'AboutUs' object is not iterable
INFO 2026-04-03 09:14:39,497 basehttp 44608 37140 "GET /about/ HTTP/1.1" 200 8414
INFO 2026-04-03 09:14:39,690 basehttp 44608 37140 "GET /get-cart-count/ HTTP/1.1" 200 37
INFO 2026-04-03 09:14:40,865 basehttp 44608 37140 "GET /book-table/ HTTP/1.1" 200 10198
INFO 2026-04-03 09:14:41,661 basehttp 44608 37140 "GET /get-cart-count/ HTTP/1.1" 200 37
INFO 2026-04-03 09:14:45,878 basehttp 44608 37140 "GET /feedback/ HTTP/1.1" 200 15870
WARNING 2026-04-03 09:14:45,922 basehttp 44608 37140 "GET /static/images/default-user.png HTTP/1.1" 404 1929
WARNING 2026-04-03 09:14:45,965 basehttp 44608 7312 "GET /static/images/default-user.png HTTP/1.1" 404 1929
INFO 2026-04-03 09:14:46,150 basehttp 44608 1412 "GET /get-cart-count/ HTTP/1.1" 200 37
INFO 2026-04-03 09:14:51,088 basehttp 44608 1412 "GET /get-cart-count/ HTTP/1.1" 200 37
INFO 2026-04-03 09:14:53,497 basehttp 44608 1412 "GET /cart/ HTTP/1.1" 200 12647
INFO 2026-04-03 09:14:53,715 basehttp 44608 1412 "GET /get-cart-count/ HTTP/1.1" 200 37
INFO 2026-04-03 09:14:56,356 basehttp 44608 1412 "GET /login/ HTTP/1.1" 200 14221
INFO 2026-04-03 09:14:56,605 basehttp 44608 1412 "GET /get-cart-count/ HTTP/1.1" 200 37
INFO 2026-04-03 09:15:01,465 basehttp 44608 1412 "GET /get-cart-count/ HTTP/1.1" 200 37
INFO 2026-04-03 09:15:06,912 basehttp 44608 1412 "GET /get-cart-count/ HTTP/1.1" 200 37
INFO 2026-04-03 09:15:11,907 basehttp 44608 1412 "GET /get-cart-count/ HTTP/1.1" 200 37
INFO 2026-04-03 09:15:15,343 basehttp 44608 1412 "GET /book-table/ HTTP/1.1" 200 10198
INFO 2026-04-03 09:15:15,899 basehttp 44608 1412 "GET /get-cart-count/ HTTP/1.1" 200 37
INFO 2026-04-03 09:15:19,221 basehttp 44608 1412 "GET /menu/ HTTP/1.1" 200 28560
INFO 2026-04-03 09:15:19,444 basehttp 44608 1412 "GET /get-cart-count/ HTTP/1.1" 200 37
INFO 2026-04-03 09:15:23,369 basehttp 44608 1412 "POST /add-to-cart/6/ HTTP/1.1" 200 91
INFO 2026-04-03 09:15:24,992 basehttp 44608 1412 "GET /get-cart-count/ HTTP/1.1" 200 38
INFO 2026-04-03 09:15:26,779 basehttp 44608 1412 "GET /cart/ HTTP/1.1" 200 17067
INFO 2026-04-03 09:15:26,984 basehttp 44608 1412 "GET /get-cart-count/ HTTP/1.1" 200 38
INFO 2026-04-03 09:15:31,898 basehttp 44608 1412 "GET /get-cart-count/ HTTP/1.1" 200 38
INFO 2026-04-03 09:15:36,888 basehttp 44608 1412 "GET /get-cart-count/ HTTP/1.1" 200 38
INFO 2026-04-03 09:15:41,904 basehttp 44608 1412 "GET /get-cart-count/ HTTP/1.1" 200 38
INFO 2026-04-03 09:15:46,882 basehttp 44608 1412 "GET /get-cart-count/ HTTP/1.1" 200 38
INFO 2026-04-03 09:15:51,887 basehttp 44608 1412 "GET /get-cart-count/ HTTP/1.1" 200 38
INFO 2026-04-03 09:15:56,889 basehttp 44608 1412 "GET /get-cart-count/ HTTP/1.1" 200 38
INFO 2026-04-03 09:16:01,892 basehttp 44608 1412 "GET /get-cart-count/ HTTP/1.1" 200 38
INFO 2026-04-03 09:16:06,885 basehttp 44608 1412 "GET /get-cart-count/ HTTP/1.1" 200 38
INFO 2026-04-03 09:16:11,907 basehttp 44608 1412 "GET /get-cart-count/ HTTP/1.1" 200 38
INFO 2026-04-03 09:16:16,895 basehttp 44608 1412 "GET /get-cart-count/ HTTP/1.1" 200 38
INFO 2026-04-03 09:16:21,893 basehttp 44608 1412 "GET /get-cart-count/ HTTP/1.1" 200 38
INFO 2026-04-03 09:16:26,883 basehttp 44608 1412 "GET /get-cart-count/ HTTP/1.1" 200 38
INFO 2026-04-03 09:16:31,887 basehttp 44608 1412 "GET /get-cart-count/ HTTP/1.1" 200 38
INFO 2026-04-03 09:16:36,886 basehttp 44608 1412 "GET /get-cart-count/ HTTP/1.1" 200 38
INFO 2026-04-03 09:16:41,895 basehttp 44608 1412 "GET /get-cart-count/ HTTP/1.1" 200 38
INFO 2026-04-03 09:16:46,886 basehttp 44608 1412 "GET /get-cart-count/ HTTP/1.1" 200 38
INFO 2026-04-03 09:16:51,887 basehttp 44608 1412 "GET /get-cart-count/ HTTP/1.1" 200 38
INFO 2026-04-03 09:16:56,895 basehttp 44608 1412 "GET /get-cart-count/ HTTP/1.1" 200 38
INFO 2026-04-03 09:17:01,889 basehttp 44608 1412 "GET /get-cart-count/ HTTP/1.1" 200 38
INFO 2026-04-03 09:17:06,885 basehttp 44608 1412 "GET /get-cart-count/ HTTP/1.1" 200 38
INFO 2026-04-03 09:17:11,890 basehttp 44608 1412 "GET /get-cart-count/ HTTP/1.1" 200 38
INFO 2026-04-03 09:17:16,890 basehttp 44608 1412 "GET /get-cart-count/ HTTP/1.1" 200 38
INFO 2026-04-03 09:17:21,905 basehttp 44608 1412 "GET /get-cart-count/ HTTP/1.1" 200 38
INFO 2026-04-03 09:17:26,895 basehttp 44608 1412 "GET /get-cart-count/ HTTP/1.1" 200 38
INFO 2026-04-03 09:17:31,907 basehttp 44608 1412 "GET /get-cart-count/ HTTP/1.1" 200 38
INFO 2026-04-03 09:17:36,889 basehttp 44608 1412 "GET /get-cart-count/ HTTP/1.1" 200 38
INFO 2026-04-03 09:17:41,893 basehttp 44608 1412 "GET /get-cart-count/ HTTP/1.1" 200 38
INFO 2026-04-03 09:17:46,890 basehttp 44608 1412 "GET /get-cart-count/ HTTP/1.1" 200 38
INFO 2026-04-03 09:17:51,881 basehttp 44608 1412 "GET /get-cart-count/ HTTP/1.1" 200 38
INFO 2026-04-03 09:17:56,886 basehttp 44608 1412 "GET /get-cart-count/ HTTP/1.1" 200 38
INFO 2026-04-03 09:18:01,892 basehttp 44608 1412 "GET /get-cart-count/ HTTP/1.1" 200 38
INFO 2026-04-03 09:18:06,886 basehttp 44608 1412 "GET /get-cart-count/ HTTP/1.1" 200 38
INFO 2026-04-03 09:18:11,893 basehttp 44608 1412 "GET /get-cart-count/ HTTP/1.1" 200 38
INFO 2026-04-03 09:18:16,884 basehttp 44608 1412 "GET /get-cart-count/ HTTP/1.1" 200 38
INFO 2026-04-03 09:18:21,895 basehttp 44608 1412 "GET /get-cart-count/ HTTP/1.1" 200 38
INFO 2026-04-03 09:18:26,887 basehttp 44608 1412 "GET /get-cart-count/ HTTP/1.1" 200 38
INFO 2026-04-03 09:18:31,914 basehttp 44608 1412 "GET /get-cart-count/ HTTP/1.1" 200 38
INFO 2026-04-03 09:18:36,913 basehttp 44608 1412 "GET /get-cart-count/ HTTP/1.1" 200 38
INFO 2026-04-03 09:18:41,918 basehttp 44608 1412 "GET /get-cart-count/ HTTP/1.1" 200 38
INFO 2026-04-03 09:18:46,914 basehttp 44608 1412 "GET /get-cart-count/ HTTP/1.1" 200 38
INFO 2026-04-03 09:18:53,474 basehttp 44608 1732 "GET /get-cart-count/ HTTP/1.1" 200 38
INFO 2026-04-03 09:20:25,085 basehttp 44608 25248 "GET /get-cart-count/ HTTP/1.1" 200 38
INFO 2026-04-03 09:21:41,553 basehttp 44608 7364 "GET /get-cart-count/ HTTP/1.1" 200 38
INFO 2026-04-03 09:21:43,379 basehttp 44608 7364 "GET /get-cart-count/ HTTP/1.1" 200 38
INFO 2026-04-03 09:21:46,649 basehttp 44608 52432 "GET /checkout/ HTTP/1.1" 200 16272
INFO 2026-04-03 09:21:47,015 basehttp 44608 52432 "GET /get-cart-count/ HTTP/1.1" 200 38
INFO 2026-04-03 09:21:51,849 basehttp 44608 52432 "GET /get-cart-count/ HTTP/1.1" 200 38
INFO 2026-04-03 09:21:56,853 basehttp 44608 52432 "GET /get-cart-count/ HTTP/1.1" 200 38
INFO 2026-04-03 09:22:01,255 basehttp 44608 52432 "POST /checkout/ HTTP/1.1" 302 0
INFO 2026-04-03 09:22:01,861 basehttp 44608 17388 "GET /get-cart-count/ HTTP/1.1" 200 37
ERROR 2026-04-03 09:22:02,708 views 44608 52432 Error: Authentication failed
INFO 2026-04-03 09:22:02,709 basehttp 44608 52432 "GET /payment/1/ HTTP/1.1" 302 0
INFO 2026-04-03 09:22:02,743 basehttp 44608 52432 "GET /order/1/ HTTP/1.1" 200 15210
INFO 2026-04-03 09:22:02,979 basehttp 44608 52432 "GET /get-cart-count/ HTTP/1.1" 200 37
INFO 2026-04-03 09:22:07,841 basehttp 44608 52432 "GET /get-cart-count/ HTTP/1.1" 200 37
INFO 2026-04-03 09:22:12,841 basehttp 44608 52432 "GET /get-cart-count/ HTTP/1.1" 200 37
INFO 2026-04-03 09:22:17,854 basehttp 44608 52432 "GET /get-cart-count/ HTTP/1.1" 200 37
INFO 2026-04-03 09:22:22,845 basehttp 44608 52432 "GET /get-cart-count/ HTTP/1.1" 200 37
INFO 2026-04-03 09:22:27,853 basehttp 44608 52432 "GET /get-cart-count/ HTTP/1.1" 200 37
ERROR 2026-04-03 09:22:30,780 views 44608 52432 Error in AboutView: 'AboutUs' object is not iterable
INFO 2026-04-03 09:22:30,784 basehttp 44608 52432 "GET /about/ HTTP/1.1" 200 8414
INFO 2026-04-03 09:22:30,984 basehttp 44608 52432 "GET /get-cart-count/ HTTP/1.1" 200 37
ERROR 2026-04-03 09:22:32,928 views 44608 52432 Error in AboutView: 'AboutUs' object is not iterable
INFO 2026-04-03 09:22:32,931 basehttp 44608 52432 "GET /about/ HTTP/1.1" 200 8414
INFO 2026-04-03 09:22:33,125 basehttp 44608 52432 "GET /get-cart-count/ HTTP/1.1" 200 37
INFO 2026-04-03 09:22:35,493 basehttp 44608 52432 "GET / HTTP/1.1" 200 18800
INFO 2026-04-03 09:22:35,830 basehttp 44608 52432 "GET /get-cart-count/ HTTP/1.1" 200 37
INFO 2026-04-03 09:22:40,691 basehttp 44608 52432 "GET /get-cart-count/ HTTP/1.1" 200 37
INFO 2026-04-03 09:22:45,907 basehttp 44608 52432 "GET /get-cart-count/ HTTP/1.1" 200 37
INFO 2026-04-03 09:22:50,912 basehttp 44608 52432 "GET /get-cart-count/ HTTP/1.1" 200 37
INFO 2026-04-03 09:22:55,905 basehttp 44608 52432 "GET /get-cart-count/ HTTP/1.1" 200 37
INFO 2026-04-03 09:23:00,915 basehttp 44608 52432 "GET /get-cart-count/ HTTP/1.1" 200 37
INFO 2026-04-03 09:23:05,916 basehttp 44608 52432 "GET /get-cart-count/ HTTP/1.1" 200 37
INFO 2026-04-03 09:23:10,913 basehttp 44608 52432 "GET /get-cart-count/ HTTP/1.1" 200 37
INFO 2026-04-03 09:23:14,180 basehttp 44608 52432 "GET / HTTP/1.1" 200 18800
INFO 2026-04-03 09:23:14,459 basehttp 44608 52432 "GET /get-cart-count/ HTTP/1.1" 200 37
INFO 2026-04-03 09:23:16,690 basehttp 44608 52432 "GET /cart/ HTTP/1.1" 200 12647
INFO 2026-04-03 09:23:16,888 basehttp 44608 52432 "GET /get-cart-count/ HTTP/1.1" 200 37
INFO 2026-04-03 09:23:19,128 basehttp 44608 52432 "GET /menu/ HTTP/1.1" 200 28560
INFO 2026-04-03 09:23:20,253 basehttp 44608 52432 "GET /get-cart-count/ HTTP/1.1" 200 37
INFO 2026-04-03 09:23:22,354 basehttp 44608 52432 "POST /add-to-cart/2/ HTTP/1.1" 200 92
INFO 2026-04-03 09:23:24,273 basehttp 44608 52432 "GET /get-cart-count/ HTTP/1.1" 200 39
INFO 2026-04-03 09:23:26,415 basehttp 44608 52432 "GET /cart/ HTTP/1.1" 200 17098
INFO 2026-04-03 09:23:26,625 basehttp 44608 52432 "GET /get-cart-count/ HTTP/1.1" 200 39
INFO 2026-04-03 09:23:30,564 basehttp 44608 52432 "GET /menu/ HTTP/1.1" 200 28560
INFO 2026-04-03 09:23:31,500 basehttp 44608 52432 "GET /get-cart-count/ HTTP/1.1" 200 39
INFO 2026-04-03 09:23:33,632 basehttp 44608 52432 "GET /cart/ HTTP/1.1" 200 17098
INFO 2026-04-03 09:23:34,290 basehttp 44608 52432 "GET /get-cart-count/ HTTP/1.1" 200 39
INFO 2026-04-03 09:23:36,189 basehttp 44608 52432 "GET /checkout/ HTTP/1.1" 200 16280
INFO 2026-04-03 09:23:36,435 basehttp 44608 52432 "GET /get-cart-count/ HTTP/1.1" 200 39
INFO 2026-04-03 09:23:41,303 basehttp 44608 52432 "GET /get-cart-count/ HTTP/1.1" 200 39
INFO 2026-04-03 09:23:46,294 basehttp 44608 52432 "GET /get-cart-count/ HTTP/1.1" 200 39
INFO 2026-04-03 09:23:51,917 basehttp 44608 52432 "GET /get-cart-count/ HTTP/1.1" 200 39
INFO 2026-04-03 09:23:56,905 basehttp 44608 52432 "GET /get-cart-count/ HTTP/1.1" 200 39
INFO 2026-04-03 09:24:01,919 basehttp 44608 52432 "GET /get-cart-count/ HTTP/1.1" 200 39
INFO 2026-04-03 09:24:06,909 basehttp 44608 52432 "GET /get-cart-count/ HTTP/1.1" 200 39
INFO 2026-04-03 09:24:11,914 basehttp 44608 52432 "GET /get-cart-count/ HTTP/1.1" 200 39
INFO 2026-04-03 09:24:16,909 basehttp 44608 52432 "GET /get-cart-count/ HTTP/1.1" 200 39
INFO 2026-04-03 09:24:21,927 basehttp 44608 52432 "GET /get-cart-count/ HTTP/1.1" 200 39
INFO 2026-04-03 09:24:26,917 basehttp 44608 52432 "GET /get-cart-count/ HTTP/1.1" 200 39
INFO 2026-04-03 09:24:31,910 basehttp 44608 52432 "GET /get-cart-count/ HTTP/1.1" 200 39
INFO 2026-04-03 09:24:36,909 basehttp 44608 52432 "GET /get-cart-count/ HTTP/1.1" 200 39
INFO 2026-04-03 09:24:41,922 basehttp 44608 52432 "GET /get-cart-count/ HTTP/1.1" 200 39
INFO 2026-04-03 09:24:46,920 basehttp 44608 52432 "GET /get-cart-count/ HTTP/1.1" 200 39
INFO 2026-04-03 09:25:34,922 basehttp 44608 52432 "GET /get-cart-count/ HTTP/1.1" 200 39
INFO 2026-04-03 09:26:34,919 basehttp 44608 52432 "GET /get-cart-count/ HTTP/1.1" 200 39
INFO 2026-04-03 09:27:58,568 basehttp 44608 52652 "GET /get-cart-count/ HTTP/1.1" 200 39
INFO 2026-04-03 09:28:33,354 basehttp 44608 52652 "GET /get-cart-count/ HTTP/1.1" 200 39
INFO 2026-04-03 09:28:35,770 basehttp 44608 52652 "GET / HTTP/1.1" 200 18800
INFO 2026-04-03 09:28:36,088 basehttp 44608 52652 "GET /get-cart-count/ HTTP/1.1" 200 39
INFO 2026-04-03 09:28:40,963 basehttp 44608 52652 "GET /get-cart-count/ HTTP/1.1" 200 39
INFO 2026-04-03 09:28:45,957 basehttp 44608 52652 "GET /get-cart-count/ HTTP/1.1" 200 39
INFO 2026-04-03 09:28:51,925 basehttp 44608 52652 "GET /get-cart-count/ HTTP/1.1" 200 39
INFO 2026-04-03 09:28:56,909 basehttp 44608 52652 "GET /get-cart-count/ HTTP/1.1" 200 39
INFO 2026-04-03 09:29:01,915 basehttp 44608 52652 "GET /get-cart-count/ HTTP/1.1" 200 39
INFO 2026-04-03 09:29:06,919 basehttp 44608 52652 "GET /get-cart-count/ HTTP/1.1" 200 39
INFO 2026-04-03 09:29:11,918 basehttp 44608 52652 "GET /get-cart-count/ HTTP/1.1" 200 39
INFO 2026-04-03 09:29:16,910 basehttp 44608 52652 "GET /get-cart-count/ HTTP/1.1" 200 39
INFO 2026-04-03 09:29:21,920 basehttp 44608 52652 "GET /get-cart-count/ HTTP/1.1" 200 39
INFO 2026-04-03 09:29:26,919 basehttp 44608 52652 "GET /get-cart-count/ HTTP/1.1" 200 39
INFO 2026-04-03 09:29:31,914 basehttp 44608 52652 "GET /get-cart-count/ HTTP/1.1" 200 39
INFO 2026-04-03 09:29:36,919 basehttp 44608 52652 "GET /get-cart-count/ HTTP/1.1" 200 39
INFO 2026-04-03 09:29:41,917 basehttp 44608 52652 "GET /get-cart-count/ HTTP/1.1" 200 39
INFO 2026-04-03 09:29:46,918 basehttp 44608 52652 "GET /get-cart-count/ HTTP/1.1" 200 39
INFO 2026-04-03 09:30:34,933 basehttp 44608 52652 "GET /get-cart-count/ HTTP/1.1" 200 39
INFO 2026-04-03 09:30:56,331 basehttp 44608 52652 "GET /get-cart-count/ HTTP/1.1" 200 39
INFO 2026-04-03 09:31:01,920 basehttp 44608 52652 "GET /get-cart-count/ HTTP/1.1" 200 39
INFO 2026-04-03 09:31:06,920 basehttp 44608 52652 "GET /get-cart-count/ HTTP/1.1" 200 39
INFO 2026-04-03 09:31:11,923 basehttp 44608 52652 "GET /get-cart-count/ HTTP/1.1" 200 39
INFO 2026-04-03 09:31:16,914 basehttp 44608 52652 "GET /get-cart-count/ HTTP/1.1" 200 39
INFO 2026-04-03 09:31:21,911 basehttp 44608 52652 "GET /get-cart-count/ HTTP/1.1" 200 39
INFO 2026-04-03 09:31:26,915 basehttp 44608 52652 "GET /get-cart-count/ HTTP/1.1" 200 39
INFO 2026-04-03 09:31:31,905 basehttp 44608 52652 "GET /get-cart-count/ HTTP/1.1" 200 39
INFO 2026-04-03 09:31:36,917 basehttp 44608 52652 "GET /get-cart-count/ HTTP/1.1" 200 39
INFO 2026-04-03 09:31:41,918 basehttp 44608 52652 "GET /get-cart-count/ HTTP/1.1" 200 39
INFO 2026-04-03 09:31:46,917 basehttp 44608 52652 "GET /get-cart-count/ HTTP/1.1" 200 39
INFO 2026-04-03 09:31:51,914 basehttp 44608 52652 "GET /get-cart-count/ HTTP/1.1" 200 39
INFO 2026-04-03 09:31:56,915 basehttp 44608 52652 "GET /get-cart-count/ HTTP/1.1" 200 39
INFO 2026-04-03 09:32:34,917 basehttp 44608 52652 "GET /get-cart-count/ HTTP/1.1" 200 39
INFO 2026-04-03 09:33:34,926 basehttp 44608 52652 "GET /get-cart-count/ HTTP/1.1" 200 39
INFO 2026-04-03 09:34:34,931 basehttp 44608 52652 "GET /get-cart-count/ HTTP/1.1" 200 39
INFO 2026-04-03 09:35:34,916 basehttp 44608 52652 "GET /get-cart-count/ HTTP/1.1" 200 39
INFO 2026-04-03 10:16:11,417 autoreload 44608 53580 C:\Users\venka\OneDrive\Pictures\Saved Pictures\11-06-25\restaurant\Resturant_Project\Resturant_Project\settings.py changed, reloading.
INFO 2026-04-04 08:57:42,051 autoreload Watching for file changes with StatReloader
INFO 2026-04-04 08:57:47,990 autoreload Watching for file changes with StatReloader
INFO 2026-04-04 08:57:55,162 basehttp "GET / HTTP/1.1" 200 18800
INFO 2026-04-04 08:57:55,250 basehttp "GET /get-cart-count/ HTTP/1.1" 200 37
INFO 2026-04-04 08:57:56,414 basehttp "GET /get-cart-count/ HTTP/1.1" 200 37
INFO 2026-04-04 08:57:57,013 basehttp "GET /get-cart-count/ HTTP/1.1" 200 37
INFO 2026-04-04 08:58:01,089 basehttp "GET /get-cart-count/ HTTP/1.1" 200 37
INFO 2026-04-04 08:58:01,769 basehttp "GET /book-table/ HTTP/1.1" 200 10198
INFO 2026-04-04 08:58:02,338 basehttp "GET /get-cart-count/ HTTP/1.1" 200 37
INFO 2026-04-04 08:58:02,383 basehttp "GET /get-cart-count/ HTTP/1.1" 200 37
INFO 2026-04-04 08:58:06,889 basehttp "GET /get-cart-count/ HTTP/1.1" 200 37
INFO 2026-04-04 08:58:07,344 basehttp "GET /get-cart-count/ HTTP/1.1" 200 37
INFO 2026-04-04 08:58:11,893 basehttp "GET /get-cart-count/ HTTP/1.1" 200 37
INFO 2026-04-04 08:58:12,331 basehttp "GET /get-cart-count/ HTTP/1.1" 200 37
INFO 2026-04-04 08:58:12,871 basehttp "POST /book-table/ HTTP/1.1" 302 0
INFO 2026-04-04 08:58:12,890 basehttp "GET /book-table/ HTTP/1.1" 200 10338
INFO 2026-04-04 08:58:13,404 basehttp "GET /get-cart-count/ HTTP/1.1" 200 37
INFO 2026-04-04 08:58:17,337 basehttp "GET /get-cart-count/ HTTP/1.1" 200 37
INFO 2026-04-04 08:58:18,336 basehttp "GET /get-cart-count/ HTTP/1.1" 200 37
INFO 2026-04-04 08:58:22,345 basehttp "GET /get-cart-count/ HTTP/1.1" 200 37
INFO 2026-04-04 08:58:23,349 basehttp "GET /get-cart-count/ HTTP/1.1" 200 37
INFO 2026-04-04 08:58:28,341 basehttp "GET /get-cart-count/ HTTP/1.1" 200 37
INFO 2026-04-04 08:58:31,398 basehttp "GET /menu/ HTTP/1.1" 200 28560
INFO 2026-04-04 08:58:33,286 basehttp "GET /get-cart-count/ HTTP/1.1" 200 37
INFO 2026-04-04 08:58:34,186 basehttp "POST /add-to-cart/1/ HTTP/1.1" 200 91
INFO 2026-04-04 08:58:37,055 basehttp "GET /cart/ HTTP/1.1" 200 17078
INFO 2026-04-04 08:58:37,286 basehttp "GET /get-cart-count/ HTTP/1.1" 200 38
INFO 2026-04-04 08:58:42,176 basehttp "GET /get-cart-count/ HTTP/1.1" 200 38
INFO 2026-04-04 08:58:47,170 basehttp "GET /get-cart-count/ HTTP/1.1" 200 38
INFO 2026-04-04 08:58:52,165 basehttp "GET /get-cart-count/ HTTP/1.1" 200 38
INFO 2026-04-04 08:58:57,168 basehttp "GET /get-cart-count/ HTTP/1.1" 200 38
INFO 2026-04-04 08:59:02,166 basehttp "GET /get-cart-count/ HTTP/1.1" 200 38
INFO 2026-04-04 08:59:07,174 basehttp "GET /get-cart-count/ HTTP/1.1" 200 38
INFO 2026-04-04 08:59:12,169 basehttp "GET /get-cart-count/ HTTP/1.1" 200 38
INFO 2026-04-04 08:59:15,332 basehttp "GET /checkout/ HTTP/1.1" 200 19600
INFO 2026-04-04 08:59:15,651 basehttp "GET /get-cart-count/ HTTP/1.1" 200 38
INFO 2026-04-04 08:59:20,564 basehttp "GET /get-cart-count/ HTTP/1.1" 200 38
INFO 2026-04-04 08:59:22,149 basehttp "POST /checkout/ HTTP/1.1" 302 0
ERROR 2026-04-04 08:59:23,727 views Payment error: Authentication failed
INFO 2026-04-04 08:59:23,730 basehttp "GET /payment/19/ HTTP/1.1" 302 0
INFO 2026-04-04 08:59:23,768 basehttp "GET /order/19/ HTTP/1.1" 200 15209
INFO 2026-04-04 08:59:24,048 basehttp "GET /get-cart-count/ HTTP/1.1" 200 37
INFO 2026-04-04 08:59:28,898 basehttp "GET /get-cart-count/ HTTP/1.1" 200 37
INFO 2026-04-04 08:59:33,893 basehttp "GET /get-cart-count/ HTTP/1.1" 200 37
INFO 2026-04-04 08:59:38,892 basehttp "GET /get-cart-count/ HTTP/1.1" 200 37
INFO 2026-04-04 08:59:43,892 basehttp "GET /get-cart-count/ HTTP/1.1" 200 37
INFO 2026-04-04 08:59:49,343 basehttp "GET /get-cart-count/ HTTP/1.1" 200 37
INFO 2026-04-04 08:59:54,343 basehttp "GET /get-cart-count/ HTTP/1.1" 200 37
INFO 2026-04-04 08:59:59,333 basehttp "GET /get-cart-count/ HTTP/1.1" 200 37
INFO 2026-04-04 09:00:04,342 basehttp "GET /get-cart-count/ HTTP/1.1" 200 37
INFO 2026-04-04 09:00:09,342 basehttp "GET /get-cart-count/ HTTP/1.1" 200 37
INFO 2026-04-04 09:00:14,347 basehttp "GET /get-cart-count/ HTTP/1.1" 200 37
INFO 2026-04-04 09:00:18,495 basehttp "GET /book-table/ HTTP/1.1" 200 10425
INFO 2026-04-04 09:00:19,052 basehttp "GET /get-cart-count/ HTTP/1.1" 200 37
INFO 2026-04-04 09:00:24,343 basehttp "GET /get-cart-count/ HTTP/1.1" 200 37
INFO 2026-04-04 09:00:29,335 basehttp "GET /get-cart-count/ HTTP/1.1" 200 37
INFO 2026-04-04 09:00:33,622 basehttp "GET /get-cart-count/ HTTP/1.1" 200 37
INFO 2026-04-04 09:00:38,610 basehttp "GET /get-cart-count/ HTTP/1.1" 200 37
INFO 2026-04-04 09:00:43,610 basehttp "GET /get-cart-count/ HTTP/1.1" 200 37
INFO 2026-04-04 09:00:48,610 basehttp "GET /get-cart-count/ HTTP/1.1" 200 37
INFO 2026-04-04 09:00:54,340 basehttp "GET /get-cart-count/ HTTP/1.1" 200 37
INFO 2026-04-04 09:00:59,341 basehttp "GET /get-cart-count/ HTTP/1.1" 200 37
INFO 2026-04-04 09:01:04,344 basehttp "GET /get-cart-count/ HTTP/1.1" 200 37
INFO 2026-04-04 09:01:09,339 basehttp "GET /get-cart-count/ HTTP/1.1" 200 37
INFO 2026-04-04 09:01:14,348 basehttp "GET /get-cart-count/ HTTP/1.1" 200 37
INFO 2026-04-04 09:01:19,335 basehttp "GET /get-cart-count/ HTTP/1.1" 200 37
INFO 2026-04-04 09:01:24,339 basehttp "GET /get-cart-count/ HTTP/1.1" 200 37
INFO 2026-04-04 09:01:29,339 basehttp "GET /get-cart-count/ HTTP/1.1" 200 37
INFO 2026-04-04 09:01:34,341 basehttp "GET /get-cart-count/ HTTP/1.1" 200 37
INFO 2026-04-04 09:01:39,337 basehttp "GET /get-cart-count/ HTTP/1.1" 200 37
INFO 2026-04-04 09:01:42,516 basehttp "GET /login/ HTTP/1.1" 200 14221
INFO 2026-04-04 09:01:42,716 basehttp "GET /get-cart-count/ HTTP/1.1" 200 37
INFO 2026-04-04 09:01:47,614 basehttp "GET /get-cart-count/ HTTP/1.1" 200 37
INFO 2026-04-04 09:01:52,620 basehttp "GET /get-cart-count/ HTTP/1.1" 200 37
INFO 2026-04-04 09:01:54,063 basehttp "POST /signup/ HTTP/1.1" 200 14775
INFO 2026-04-04 09:01:54,307 basehttp "GET /get-cart-count/ HTTP/1.1" 200 37
INFO 2026-04-04 09:01:59,177 basehttp "GET /get-cart-count/ HTTP/1.1" 200 37
INFO 2026-04-04 09:02:04,180 basehttp "GET /get-cart-count/ HTTP/1.1" 200 37
INFO 2026-04-04 09:02:09,348 basehttp "GET /get-cart-count/ HTTP/1.1" 200 37
INFO 2026-04-04 09:02:14,343 basehttp "GET /get-cart-count/ HTTP/1.1" 200 37
INFO 2026-04-04 09:02:19,335 basehttp "GET /get-cart-count/ HTTP/1.1" 200 37
INFO 2026-04-04 09:02:24,339 basehttp "GET /get-cart-count/ HTTP/1.1" 200 37
INFO 2026-04-04 09:02:29,340 basehttp "GET /get-cart-count/ HTTP/1.1" 200 37
INFO 2026-04-04 09:02:34,336 basehttp "GET /get-cart-count/ HTTP/1.1" 200 37
INFO 2026-04-04 09:02:39,344 basehttp "GET /get-cart-count/ HTTP/1.1" 200 37
INFO 2026-04-04 09:02:44,335 basehttp "GET /get-cart-count/ HTTP/1.1" 200 37
INFO 2026-04-04 09:02:49,335 basehttp "GET /get-cart-count/ HTTP/1.1" 200 37
INFO 2026-04-04 09:02:54,346 basehttp "GET /get-cart-count/ HTTP/1.1" 200 37
INFO 2026-04-04 09:02:59,336 basehttp "GET /get-cart-count/ HTTP/1.1" 200 37
INFO 2026-04-04 09:03:04,341 basehttp "GET /get-cart-count/ HTTP/1.1" 200 37
INFO 2026-04-04 09:03:33,338 basehttp "GET /get-cart-count/ HTTP/1.1" 200 37
INFO 2026-04-04 09:04:33,347 basehttp "GET /get-cart-count/ HTTP/1.1" 200 37
INFO 2026-04-04 09:05:33,345 basehttp "GET /get-cart-count/ HTTP/1.1" 200 37
INFO 2026-04-04 09:06:33,338 basehttp "GET /get-cart-count/ HTTP/1.1" 200 37
INFO 2026-04-04 09:11:16,162 autoreload C:\Users\venka\OneDrive\Pictures\Saved Pictures\11-06-25\restaurant\Resturant_Project\Base_App\views.py changed, reloading.
INFO 2026-04-04 09:11:17,504 autoreload Watching for file changes with StatReloader
INFO 2026-04-04 09:11:21,738 basehttp "GET / HTTP/1.1" 200 18800
INFO 2026-04-04 09:11:21,865 basehttp "GET /get-cart-count/ HTTP/1.1" 200 37
INFO 2026-04-04 09:11:23,308 basehttp "GET /get-cart-count/ HTTP/1.1" 200 37
INFO 2026-04-04 09:11:24,335 basehttp "GET /get-cart-count/ HTTP/1.1" 200 37
INFO 2026-04-04 09:11:27,368 basehttp "GET /get-cart-count/ HTTP/1.1" 200 37
INFO 2026-04-04 09:11:29,337 basehttp "GET /get-cart-count/ HTTP/1.1" 200 37
INFO 2026-04-04 09:11:33,356 basehttp "GET /get-cart-count/ HTTP/1.1" 200 37
INFO 2026-04-04 09:11:34,341 basehttp "GET /get-cart-count/ HTTP/1.1" 200 37
INFO 2026-04-04 09:11:38,341 basehttp "GET /get-cart-count/ HTTP/1.1" 200 37
INFO 2026-04-04 09:11:39,332 basehttp "GET /get-cart-count/ HTTP/1.1" 200 37
INFO 2026-04-04 09:11:43,337 basehttp "GET /get-cart-count/ HTTP/1.1" 200 37
INFO 2026-04-04 09:11:44,334 basehttp "GET /get-cart-count/ HTTP/1.1" 200 37
INFO 2026-04-04 09:11:48,338 basehttp "GET /get-cart-count/ HTTP/1.1" 200 37
INFO 2026-04-04 09:11:49,334 basehttp "GET /get-cart-count/ HTTP/1.1" 200 37
INFO 2026-04-04 09:11:53,347 basehttp "GET /get-cart-count/ HTTP/1.1" 200 37
INFO 2026-04-04 09:11:58,339 basehttp "GET /get-cart-count/ HTTP/1.1" 200 37
INFO 2026-04-04 09:12:01,224 autoreload C:\Users\venka\OneDrive\Pictures\Saved Pictures\11-06-25\restaurant\Resturant_Project\Resturant_Project\settings.py changed, reloading.
INFO 2026-04-04 09:12:02,500 autoreload Watching for file changes with StatReloader
INFO 2026-04-04 09:12:04,125 basehttp "GET /get-cart-count/ HTTP/1.1" 200 37
INFO 2026-04-04 09:12:08,336 basehttp "GET /get-cart-count/ HTTP/1.1" 200 37
INFO 2026-04-04 09:12:13,340 basehttp "GET /get-cart-count/ HTTP/1.1" 200 37
INFO 2026-04-04 09:12:18,338 basehttp "GET /get-cart-count/ HTTP/1.1" 200 37
INFO 2026-04-04 09:12:23,339 basehttp "GET /get-cart-count/ HTTP/1.1" 200 37
INFO 2026-04-04 09:12:28,305 autoreload Watching for file changes with StatReloader
INFO 2026-04-04 09:12:30,134 basehttp "GET /get-cart-count/ HTTP/1.1" 200 37
INFO 2026-04-04 09:12:32,827 basehttp "GET / HTTP/1.1" 200 18800
INFO 2026-04-04 09:12:32,852 basehttp "GET /get-cart-count/ HTTP/1.1" 200 37
INFO 2026-04-04 09:12:34,179 basehttp "GET /get-cart-count/ HTTP/1.1" 200 37
INFO 2026-04-04 09:12:36,482 basehttp "GET /menu/ HTTP/1.1" 200 28560
INFO 2026-04-04 09:12:38,433 basehttp "GET /get-cart-count/ HTTP/1.1" 200 37
INFO 2026-04-04 09:12:38,468 basehttp "GET /get-cart-count/ HTTP/1.1" 200 37
INFO 2026-04-04 09:12:39,133 basehttp "POST /add-to-cart/1/ HTTP/1.1" 200 91
INFO 2026-04-04 09:12:43,682 basehttp "GET /get-cart-count/ HTTP/1.1" 200 38
INFO 2026-04-04 09:12:43,702 basehttp "GET /cart/ HTTP/1.1" 200 17078
INFO 2026-04-04 09:12:43,718 basehttp "GET /get-cart-count/ HTTP/1.1" 200 38
INFO 2026-04-04 09:12:44,741 basehttp "GET /get-cart-count/ HTTP/1.1" 200 38
INFO 2026-04-04 09:12:48,340 basehttp "GET /get-cart-count/ HTTP/1.1" 200 38
INFO 2026-04-04 09:12:48,883 basehttp "GET /get-cart-count/ HTTP/1.1" 200 38
INFO 2026-04-04 09:12:48,948 basehttp "GET /checkout/ HTTP/1.1" 200 19600
INFO 2026-04-04 09:12:49,231 basehttp "GET /get-cart-count/ HTTP/1.1" 200 38
INFO 2026-04-04 09:12:53,336 basehttp "GET /get-cart-count/ HTTP/1.1" 200 38
INFO 2026-04-04 09:12:54,066 basehttp "GET /get-cart-count/ HTTP/1.1" 200 38
INFO 2026-04-04 09:12:56,597 basehttp "POST /checkout/ HTTP/1.1" 302 0
ERROR 2026-04-04 09:12:58,028 views Payment error: Authentication failed
INFO 2026-04-04 09:12:58,031 basehttp "GET /payment/20/ HTTP/1.1" 302 0
INFO 2026-04-04 09:12:58,057 basehttp "GET /order/20/ HTTP/1.1" 200 15209
INFO 2026-04-04 09:12:58,298 basehttp "GET /get-cart-count/ HTTP/1.1" 200 37
INFO 2026-04-04 09:12:58,340 basehttp "GET /get-cart-count/ HTTP/1.1" 200 37
INFO 2026-04-04 09:13:03,171 basehttp "GET /get-cart-count/ HTTP/1.1" 200 37
INFO 2026-04-04 09:13:03,339 basehttp "GET /get-cart-count/ HTTP/1.1" 200 37
INFO 2026-04-04 09:13:08,170 basehttp "GET /get-cart-count/ HTTP/1.1" 200 37
INFO 2026-04-04 09:13:08,340 basehttp "GET /get-cart-count/ HTTP/1.1" 200 37
INFO 2026-04-04 09:13:11,044 basehttp "GET /menu/ HTTP/1.1" 200 28560
INFO 2026-04-04 09:13:12,151 basehttp "GET /get-cart-count/ HTTP/1.1" 200 37
INFO 2026-04-04 09:13:13,334 basehttp "GET /get-cart-count/ HTTP/1.1" 200 37
INFO 2026-04-04 09:13:14,875 basehttp "GET /book-table/ HTTP/1.1" 200 10425
INFO 2026-04-04 09:13:15,626 basehttp "GET /get-cart-count/ HTTP/1.1" 200 37
INFO 2026-04-04 09:13:18,343 basehttp "GET /get-cart-count/ HTTP/1.1" 200 37
INFO 2026-04-04 09:13:20,009 basehttp "GET /get-cart-count/ HTTP/1.1" 200 37
INFO 2026-04-04 09:13:23,339 basehttp "GET /get-cart-count/ HTTP/1.1" 200 37
INFO 2026-04-04 09:13:24,227 basehttp "POST /book-table/ HTTP/1.1" 302 0
INFO 2026-04-04 09:13:24,244 basehttp "GET /book-table/ HTTP/1.1" 200 10338
INFO 2026-04-04 09:13:24,747 basehttp "GET /get-cart-count/ HTTP/1.1" 200 37
INFO 2026-04-04 09:13:28,342 basehttp "GET /get-cart-count/ HTTP/1.1" 200 37
INFO 2026-04-04 09:13:30,340 basehttp "GET /get-cart-count/ HTTP/1.1" 200 37
INFO 2026-04-04 09:13:33,347 basehttp "GET /get-cart-count/ HTTP/1.1" 200 37
INFO 2026-04-04 09:13:35,341 basehttp "GET /get-cart-count/ HTTP/1.1" 200 37
INFO 2026-04-04 09:13:40,345 basehttp "GET /get-cart-count/ HTTP/1.1" 200 37
INFO 2026-04-04 09:13:45,341 basehttp "GET /get-cart-count/ HTTP/1.1" 200 37
INFO 2026-04-04 09:13:50,343 basehttp "GET /get-cart-count/ HTTP/1.1" 200 37
INFO 2026-04-04 09:13:55,337 basehttp "GET /get-cart-count/ HTTP/1.1" 200 37
INFO 2026-04-04 09:14:00,343 basehttp "GET /get-cart-count/ HTTP/1.1" 200 37
INFO 2026-04-04 09:14:05,338 basehttp "GET /get-cart-count/ HTTP/1.1" 200 37
INFO 2026-04-04 09:14:11,662 basehttp "GET /get-cart-count/ HTTP/1.1" 200 37
INFO 2026-04-04 09:14:15,339 basehttp "GET /get-cart-count/ HTTP/1.1" 200 37
INFO 2026-04-04 09:14:20,334 basehttp "GET /get-cart-count/ HTTP/1.1" 200 37
INFO 2026-04-04 09:14:25,345 basehttp "GET /get-cart-count/ HTTP/1.1" 200 37
INFO 2026-04-04 09:14:33,334 basehttp "GET /get-cart-count/ HTTP/1.1" 200 37
INFO 2026-04-04 09:14:33,349 basehttp "GET /get-cart-count/ HTTP/1.1" 200 37
INFO 2026-04-04 09:15:33,341 basehttp "GET /get-cart-count/ HTTP/1.1" 200 37
INFO 2026-04-04 09:15:33,352 basehttp "GET /get-cart-count/ HTTP/1.1" 200 37
INFO 2026-04-04 09:16:33,337 basehttp "GET /get-cart-count/ HTTP/1.1" 200 37
INFO 2026-04-04 09:17:33,345 basehttp "GET /get-cart-count/ HTTP/1.1" 200 37
INFO 2026-04-04 09:17:39,212 basehttp "GET /get-cart-count/ HTTP/1.1" 200 37
INFO 2026-04-04 09:17:41,211 basehttp "GET /menu/ HTTP/1.1" 200 28560
INFO 2026-04-04 09:17:41,488 basehttp "GET /get-cart-count/ HTTP/1.1" 200 37
INFO 2026-04-04 09:17:44,168 basehttp "POST /add-to-cart/1/ HTTP/1.1" 200 91
INFO 2026-04-04 09:17:46,333 basehttp "GET /get-cart-count/ HTTP/1.1" 200 38
INFO 2026-04-04 09:17:46,685 basehttp "GET /cart/ HTTP/1.1" 200 17078
INFO 2026-04-04 09:17:46,869 basehttp "GET /get-cart-count/ HTTP/1.1" 200 38
INFO 2026-04-04 09:17:51,794 basehttp "GET /get-cart-count/ HTTP/1.1" 200 38
INFO 2026-04-04 09:17:53,458 basehttp "POST /update-cart/1/ HTTP/1.1" 200 85
INFO 2026-04-04 09:17:56,095 basehttp "GET /checkout/ HTTP/1.1" 200 19604
INFO 2026-04-04 09:17:56,311 basehttp "GET /get-cart-count/ HTTP/1.1" 200 39
INFO 2026-04-04 09:18:01,204 basehttp "GET /get-cart-count/ HTTP/1.1" 200 39
INFO 2026-04-04 09:18:06,347 basehttp "GET /get-cart-count/ HTTP/1.1" 200 39
INFO 2026-04-04 09:18:11,343 basehttp "GET /get-cart-count/ HTTP/1.1" 200 39
INFO 2026-04-04 09:18:16,333 basehttp "GET /get-cart-count/ HTTP/1.1" 200 39
INFO 2026-04-04 09:18:21,350 basehttp "GET /get-cart-count/ HTTP/1.1" 200 39
INFO 2026-04-04 09:18:26,340 basehttp "GET /get-cart-count/ HTTP/1.1" 200 39
INFO 2026-04-04 09:18:31,340 basehttp "GET /get-cart-count/ HTTP/1.1" 200 39
INFO 2026-04-04 09:18:36,346 basehttp "GET /get-cart-count/ HTTP/1.1" 200 39
INFO 2026-04-04 09:18:41,339 basehttp "GET /get-cart-count/ HTTP/1.1" 200 39
INFO 2026-04-04 09:18:46,334 basehttp "GET /get-cart-count/ HTTP/1.1" 200 39
INFO 2026-04-04 09:18:51,346 basehttp "GET /get-cart-count/ HTTP/1.1" 200 39
INFO 2026-04-04 09:18:56,345 basehttp "GET /get-cart-count/ HTTP/1.1" 200 39
INFO 2026-04-04 09:19:01,212 basehttp "GET /get-cart-count/ HTTP/1.1" 200 39
INFO 2026-04-04 09:19:06,203 basehttp "GET /get-cart-count/ HTTP/1.1" 200 39
INFO 2026-04-04 09:19:11,352 basehttp "GET /get-cart-count/ HTTP/1.1" 200 39
INFO 2026-04-04 09:19:16,348 basehttp "GET /get-cart-count/ HTTP/1.1" 200 39
INFO 2026-04-04 09:19:21,403 basehttp "GET /get-cart-count/ HTTP/1.1" 200 39
INFO 2026-04-04 09:19:26,334 basehttp "GET /get-cart-count/ HTTP/1.1" 200 39
INFO 2026-04-04 09:19:31,345 basehttp "GET /get-cart-count/ HTTP/1.1" 200 39
INFO 2026-04-04 09:19:36,338 basehttp "GET /get-cart-count/ HTTP/1.1" 200 39
INFO 2026-04-04 09:19:41,338 basehttp "GET /get-cart-count/ HTTP/1.1" 200 39
INFO 2026-04-04 09:19:46,337 basehttp "GET /get-cart-count/ HTTP/1.1" 200 39
INFO 2026-04-04 09:19:51,345 basehttp "GET /get-cart-count/ HTTP/1.1" 200 39
INFO 2026-04-04 09:19:56,343 basehttp "GET /get-cart-count/ HTTP/1.1" 200 39
INFO 2026-04-04 09:20:01,340 basehttp "GET /get-cart-count/ HTTP/1.1" 200 39
INFO 2026-04-04 09:20:06,343 basehttp "GET /get-cart-count/ HTTP/1.1" 200 39
INFO 2026-04-04 09:20:11,205 basehttp "GET /get-cart-count/ HTTP/1.1" 200 39
INFO 2026-04-04 09:20:16,340 basehttp "GET /get-cart-count/ HTTP/1.1" 200 39
INFO 2026-04-04 09:20:21,347 basehttp "GET /get-cart-count/ HTTP/1.1" 200 39
INFO 2026-04-04 09:20:26,347 basehttp "GET /get-cart-count/ HTTP/1.1" 200 39
INFO 2026-04-04 09:20:31,339 basehttp "GET /get-cart-count/ HTTP/1.1" 200 39
INFO 2026-04-04 09:20:36,342 basehttp "GET /get-cart-count/ HTTP/1.1" 200 39
INFO 2026-04-04 09:20:41,344 basehttp "GET /get-cart-count/ HTTP/1.1" 200 39
INFO 2026-04-04 09:20:46,346 basehttp "GET /get-cart-count/ HTTP/1.1" 200 39
INFO 2026-04-04 09:20:51,350 basehttp "GET /get-cart-count/ HTTP/1.1" 200 39
INFO 2026-04-04 09:20:56,336 basehttp "GET /get-cart-count/ HTTP/1.1" 200 39
INFO 2026-04-04 09:21:01,343 basehttp "GET /get-cart-count/ HTTP/1.1" 200 39
INFO 2026-04-04 09:21:06,341 basehttp "GET /get-cart-count/ HTTP/1.1" 200 39
INFO 2026-04-04 09:21:11,333 basehttp "GET /get-cart-count/ HTTP/1.1" 200 39
INFO 2026-04-04 09:21:33,345 basehttp "GET /get-cart-count/ HTTP/1.1" 200 39
INFO 2026-04-04 09:22:33,345 basehttp "GET /get-cart-count/ HTTP/1.1" 200 39
INFO 2026-04-04 09:23:33,352 basehttp "GET /get-cart-count/ HTTP/1.1" 200 39
INFO 2026-04-04 09:24:33,343 basehttp "GET /get-cart-count/ HTTP/1.1" 200 39
INFO 2026-04-04 09:25:33,346 basehttp "GET /get-cart-count/ HTTP/1.1" 200 39
INFO 2026-04-04 09:26:33,349 basehttp "GET /get-cart-count/ HTTP/1.1" 200 39
INFO 2026-04-04 09:27:33,341 basehttp "GET /get-cart-count/ HTTP/1.1" 200 39
INFO 2026-04-04 09:28:33,339 basehttp "GET /get-cart-count/ HTTP/1.1" 200 39
INFO 2026-04-04 09:29:33,349 basehttp "GET /get-cart-count/ HTTP/1.1" 200 39
INFO 2026-04-04 09:30:33,347 basehttp "GET /get-cart-count/ HTTP/1.1" 200 39
INFO 2026-04-04 09:31:33,348 basehttp "GET /get-cart-count/ HTTP/1.1" 200 39
INFO 2026-04-04 09:32:33,346 basehttp "GET /get-cart-count/ HTTP/1.1" 200 39
INFO 2026-04-04 09:33:33,346 basehttp "GET /get-cart-count/ HTTP/1.1" 200 39
INFO 2026-04-04 09:34:33,335 basehttp "GET /get-cart-count/ HTTP/1.1" 200 39
INFO 2026-04-04 09:39:08,321 basehttp "GET /get-cart-count/ HTTP/1.1" 200 39
INFO 2026-04-04 09:39:33,343 basehttp "GET /get-cart-count/ HTTP/1.1" 200 39
INFO 2026-04-04 09:40:33,356 basehttp "GET /get-cart-count/ HTTP/1.1" 200 39
INFO 2026-04-04 09:41:33,335 basehttp "GET /get-cart-count/ HTTP/1.1" 200 39
INFO 2026-04-04 09:42:33,348 basehttp "GET /get-cart-count/ HTTP/1.1" 200 39
INFO 2026-04-04 09:43:33,335 basehttp "GET /get-cart-count/ HTTP/1.1" 200 39
INFO 2026-04-04 09:44:33,339 basehttp "GET /get-cart-count/ HTTP/1.1" 200 39
INFO 2026-04-04 09:45:33,345 basehttp "GET /get-cart-count/ HTTP/1.1" 200 39
INFO 2026-04-04 09:46:33,351 basehttp "GET /get-cart-count/ HTTP/1.1" 200 39
INFO 2026-04-04 09:47:33,336 basehttp "GET /get-cart-count/ HTTP/1.1" 200 39
INFO 2026-04-04 09:48:33,339 basehttp "GET /get-cart-count/ HTTP/1.1" 200 39
INFO 2026-04-04 09:49:33,346 basehttp "GET /get-cart-count/ HTTP/1.1" 200 39
INFO 2026-04-04 09:50:33,339 basehttp "GET /get-cart-count/ HTTP/1.1" 200 39
INFO 2026-04-04 09:51:33,334 basehttp "GET /get-cart-count/ HTTP/1.1" 200 39
INFO 2026-04-04 09:52:33,347 basehttp "GET /get-cart-count/ HTTP/1.1" 200 39
INFO 2026-04-04 09:53:33,337 basehttp "GET /get-cart-count/ HTTP/1.1" 200 39
INFO 2026-04-04 09:54:33,344 basehttp "GET /get-cart-count/ HTTP/1.1" 200 39
INFO 2026-04-04 09:55:33,348 basehttp "GET /get-cart-count/ HTTP/1.1" 200 39
INFO 2026-04-04 09:56:33,352 basehttp "GET /get-cart-count/ HTTP/1.1" 200 39
INFO 2026-04-04 09:57:33,341 basehttp "GET /get-cart-count/ HTTP/1.1" 200 39
INFO 2026-04-04 09:58:33,349 basehttp "GET /get-cart-count/ HTTP/1.1" 200 39
INFO 2026-04-04 09:59:33,331 basehttp "GET /get-cart-count/ HTTP/1.1" 200 39
INFO 2026-04-04 10:00:33,338 basehttp "GET /get-cart-count/ HTTP/1.1" 200 39
INFO 2026-04-04 10:01:33,343 basehttp "GET /get-cart-count/ HTTP/1.1" 200 39
INFO 2026-04-04 10:02:33,336 basehttp "GET /get-cart-count/ HTTP/1.1" 200 39
INFO 2026-04-04 10:03:33,340 basehttp "GET /get-cart-count/ HTTP/1.1" 200 39
INFO 2026-04-04 10:04:33,339 basehttp "GET /get-cart-count/ HTTP/1.1" 200 39
INFO 2026-04-04 10:05:33,340 basehttp "GET /get-cart-count/ HTTP/1.1" 200 39
INFO 2026-04-04 10:06:33,334 basehttp "GET /get-cart-count/ HTTP/1.1" 200 39
INFO 2026-04-04 10:07:33,334 basehttp "GET /get-cart-count/ HTTP/1.1" 200 39
INFO 2026-04-04 10:08:33,342 basehttp "GET /get-cart-count/ HTTP/1.1" 200 39
INFO 2026-04-04 10:09:33,341 basehttp "GET /get-cart-count/ HTTP/1.1" 200 39
INFO 2026-04-04 10:17:33,914 basehttp "GET /get-cart-count/ HTTP/1.1" 200 39
INFO 2026-04-04 10:18:33,335 basehttp "GET /get-cart-count/ HTTP/1.1" 200 39
INFO 2026-04-04 10:19:34,171 basehttp "GET /get-cart-count/ HTTP/1.1" 200 39
INFO 2026-04-04 11:01:16,371 autoreload Watching for file changes with StatReloader
INFO 2026-04-04 11:01:20,145 basehttp "GET / HTTP/1.1" 200 18800
INFO 2026-04-04 11:01:21,517 basehttp "GET /get-cart-count/ HTTP/1.1" 200 39
INFO 2026-04-04 11:01:22,298 basehttp "GET /menu/ HTTP/1.1" 200 28560
INFO 2026-04-04 11:01:23,445 basehttp "GET /get-cart-count/ HTTP/1.1" 200 39
INFO 2026-04-04 11:01:27,525 basehttp "GET /book-table/ HTTP/1.1" 200 10198
INFO 2026-04-04 11:01:28,190 basehttp "GET /get-cart-count/ HTTP/1.1" 200 39
INFO 2026-04-04 11:01:29,983 basehttp "GET /cart/ HTTP/1.1" 200 17081
INFO 2026-04-04 11:01:30,201 basehttp "GET /get-cart-count/ HTTP/1.1" 200 39
INFO 2026-04-04 11:01:35,092 basehttp "GET /get-cart-count/ HTTP/1.1" 200 39
INFO 2026-04-04 11:01:40,337 basehttp "GET /get-cart-count/ HTTP/1.1" 200 39
INFO 2026-04-04 11:01:45,338 basehttp "GET /get-cart-count/ HTTP/1.1" 200 39
INFO 2026-04-04 11:01:50,335 basehttp "GET /get-cart-count/ HTTP/1.1" 200 39
INFO 2026-04-04 11:01:55,341 basehttp "GET /get-cart-count/ HTTP/1.1" 200 39
